Crop,N (mg/kg),P (mg/kg),K (mg/kg),pH,EC(uS/cm),MOISTURE (%)
Cassava,160,57,137,6.1158476654092135,2.110821134921599,71
Cassava,200,52,111,6.25037008779878,2.4891244159852204,67
Cassava,176,76,136,6.479650204950361,1.7594110700682632,60
Cassava,199,57,123,5.501260550347672,2.057781967360206,78
Cassava,178,77,113,6.474008839055974,2.401452339805126,67
Cassava,165,98,140,5.588386176259677,2.28127306819439,74
Cassava,174,63,115,5.647727792227275,2.3566458130314776,76
Cassava,179,68,114,5.533080131564555,1.6831831898951224,78
Cassava,176,92,115,6.365343064696592,1.9923096161483658,60
Cassava,172,61,130,5.733799404520545,2.147809013692017,67
Cassava,169,52,144,5.6631172528061136,1.5856025721811813,80
Cassava,171,73,148,6.066577573769696,2.022001459876227,71
Cassava,189,58,144,6.264824449384907,1.5031264631437524,80
Cassava,172,53,142,5.798848715979815,2.415174453894414,79
Cassava,162,90,120,5.553277757146186,2.0345094056564466,65
Cassava,182,77,110,5.639694688562994,1.7072680982399304,79
Cassava,152,80,122,5.918275492026845,1.8813795560389361,68
Cassava,165,61,103,5.668588181829639,1.922139520055238,60
Cassava,199,55,107,6.251047118937149,1.5500067778503515,71
Cassava,155,94,149,5.727993739220865,2.44033968138139,67
Cassava,194,79,126,6.242716483688662,2.2422428869341196,71
Cassava,186,67,110,6.177507373250072,2.174983796962976,64
Cassava,160,78,148,6.142914516888511,2.133037511948029,65
Cassava,198,63,113,6.419124015686596,2.315599710202249,77
Cassava,153,67,134,5.703125049537273,1.9156942315324668,68
Cassava,171,65,113,5.694776512963171,2.467251167975472,70
Cassava,166,69,108,6.002550863880262,2.3954858794966256,63
Cassava,152,57,144,5.971381515312931,2.06339683501729,80
Cassava,177,58,123,5.591017952703923,1.5542682347440513,65
Cassava,167,100,143,6.1412013881391925,2.1697987617863026,80
Cassava,160,95,119,6.183439146631048,2.246970605887857,72
Cassava,155,63,100,6.400863245731999,2.415613479310774,78
Cassava,176,75,107,6.152227650734674,2.0037144106039273,79
Cassava,151,78,135,5.883089757393725,2.112375767589796,78
Cassava,189,70,114,5.972522583838218,1.9654319499524164,75
Cassava,189,76,136,5.920600135074125,1.6008546052957047,75
Cassava,166,86,138,6.171055234536761,2.048423480616881,66
Cassava,184,61,115,5.572996439917574,1.5714291948054215,79
Cassava,165,61,142,6.308541152790953,1.5597387488960472,69
Cassava,188,67,126,5.8101550560172015,1.6406795800883085,65
Cassava,150,93,130,6.0504760570397815,1.7632120076657245,78
Cassava,169,85,126,6.406357610138624,2.0416584046684925,61
Cassava,185,83,146,6.1645464067741385,1.6335209209346977,69
Cassava,177,61,144,6.253007238127214,2.313223795027663,80
Cassava,186,100,133,6.272530698933764,2.248547153117457,71
Cassava,161,78,138,5.8470591161969185,2.466366657204169,63
Cassava,164,99,117,5.502668864464365,2.472774582431066,79
Cassava,155,84,133,6.301718284680884,1.85006459746277,77
Cassava,196,52,125,6.051044445022591,1.8331789558533647,70
Cassava,163,76,149,5.513336657627436,1.8369134818422022,69
Cassava,193,98,147,5.67456034359132,1.9381121065763012,60
Cassava,198,90,135,6.3955090618265835,2.456554677559441,63
Cassava,189,63,140,5.721726453436053,2.3824793124163173,65
Cassava,190,64,138,5.864273040185198,2.1694235052437834,69
Cassava,167,56,114,5.552946765147257,1.512764910181958,65
Cassava,181,98,104,5.954577113049954,2.2311460333625575,72
Cassava,151,61,126,5.601038578361529,1.7137530322368204,74
Cassava,176,85,118,6.171785818496562,2.323201684563828,69
Cassava,161,90,109,5.59318953359345,1.64180046136299,76
Cassava,184,77,133,6.462468723434539,1.9508064140857093,74
Cassava,166,66,134,5.721936765384745,2.215712720333181,73
Cassava,155,64,104,6.33030408939856,2.2666718505087347,77
Cassava,157,77,149,5.623341971034206,1.8814009598216344,64
Cassava,195,68,118,5.523155897025953,2.496367091990881,71
Cassava,167,54,106,5.572919919463515,2.3042234160697133,74
Cassava,187,80,125,6.460885270283979,2.1790552068929347,73
Cassava,154,59,110,6.471957479022137,1.7923780065075228,65
Cassava,197,79,150,5.895978626744529,2.297576354620234,60
Cassava,160,63,149,5.841566088047007,1.8113814462420224,69
Cassava,183,53,126,6.295718750741943,2.3332462286620106,69
Cassava,188,81,133,5.82413018429676,1.8744250769271145,67
Cassava,182,81,145,5.703625431807276,1.845244716104225,62
Cassava,168,96,112,6.16399264558546,2.382255205100342,79
Cassava,179,71,135,5.7982779264624655,1.802497553124451,77
Cassava,192,78,117,5.863882437618024,1.8950296447473343,60
Cassava,158,97,122,6.138363305796099,1.853481102534651,67
Cassava,175,56,115,5.9077165343613345,1.9865325264187699,71
Cassava,161,99,136,5.520487272291578,2.3632462308305566,63
Cassava,151,56,106,5.645153267594197,2.3984256492758482,61
Cassava,151,79,127,5.931816742589706,1.9971133895369881,78
Cassava,199,80,132,5.8198858082682206,2.083240470933073,61
Cassava,168,76,126,5.938257097759309,1.5608635513112343,70
Cassava,176,61,150,6.109403805166624,2.2185772960930468,61
Cassava,187,79,124,6.308999893547028,1.6179542996806795,76
Cassava,155,58,114,5.912905409982418,1.5944319314463695,79
Cassava,159,89,127,5.5271857730884735,2.209217527281547,62
Cassava,181,60,122,5.68163238205963,1.5052749559703265,67
Cassava,197,65,149,5.902396642703974,1.9560172879550815,63
Cassava,167,75,148,5.7525114787823775,2.4619077826132267,77
Cassava,163,96,143,6.314581847337651,1.8325028150848852,65
Cassava,173,63,127,5.643385964175473,2.0944153206464717,63
Cassava,164,80,113,5.806999393425069,2.354164284393511,69
Cassava,191,92,100,6.332669601592574,1.714135659401716,63
Cassava,185,56,108,6.306195630610549,1.524051533455864,80
Cassava,192,94,123,5.964538606151983,2.136188220447038,67
Cassava,175,59,100,6.148657323657713,2.253224098346541,79
Cassava,186,85,137,6.275201510609208,2.0185559793123855,79
Cassava,196,78,104,6.473506710672214,1.8433865436971595,74
Cassava,175,83,107,6.078490015996402,1.9298459810138922,77
Cassava,189,81,122,6.376999117027302,1.8850109972352929,72
Vanilla,147,54,144,6.373425192418265,1.2584209750871134,80
Vanilla,135,56,134,6.166339806124285,1.0469066725525757,89
Vanilla,153,58,106,6.55078272173744,1.3732106169513263,82
Vanilla,144,54,112,6.575511743152369,1.1707218949655167,81
Vanilla,140,46,117,6.144666175414355,1.3195145089347884,88
Vanilla,144,59,124,6.4756950130336115,1.030026968709565,86
Vanilla,165,40,147,6.881017317926159,1.2596651810036956,82
Vanilla,179,58,128,6.409596779865323,1.3586766911076251,83
Vanilla,177,42,125,6.910766817573204,1.1325912310650836,86
Vanilla,128,52,132,6.4062401113551894,1.2361495034145995,86
Vanilla,124,60,120,6.450095672699992,1.3984433110038574,87
Vanilla,161,58,110,6.540287663807544,1.4512512827242063,83
Vanilla,171,42,137,6.974603190020153,1.1965421653957085,88
Vanilla,177,53,148,5.645170588185258,1.2050027809234265,86
Vanilla,164,41,138,6.560314048076922,1.0426948437159576,87
Vanilla,137,43,104,6.922248964982747,1.2120400261517394,90
Vanilla,175,57,129,6.212792335705041,1.2276938306925513,89
Vanilla,160,58,138,5.9946986790199315,1.3218450849846988,87
Vanilla,165,55,146,6.146364270531606,1.0332525187397106,85
Vanilla,132,58,148,6.798137837755283,1.3253046379648512,87
Vanilla,156,45,129,6.18779736027524,1.0093088339962193,89
Vanilla,130,46,133,6.8369910613693525,1.1926333734536225,87
Vanilla,120,57,144,6.915999772794753,1.2649595763231662,86
Vanilla,124,49,131,6.591099445798314,1.0385292329061708,87
Vanilla,160,48,104,6.8400266627058315,1.3087474483275356,90
Vanilla,136,43,127,6.19206565314964,1.4869683523340396,86
Vanilla,122,51,116,5.86803284471686,1.29349930460618,87
Vanilla,153,46,131,6.988328826944508,1.0542042401623681,83
Vanilla,136,42,128,6.808708605690631,1.1818339037314685,87
Vanilla,180,48,110,6.791884049649828,1.1790548141515542,82
Vanilla,167,41,111,5.643523976674315,1.3980209734691962,81
Vanilla,177,46,123,6.748645260325806,1.0054322194220788,82
Vanilla,176,52,140,5.9730075065916655,1.0559210102585108,86
Vanilla,126,54,149,6.91124208424539,1.485372661055087,89
Vanilla,169,50,129,6.850941194563663,1.2824879161332234,88
Vanilla,155,53,104,6.0920121830004454,1.1182001947366238,87
Vanilla,158,56,144,5.516580910294363,1.0355096190286064,85
Vanilla,157,54,110,6.103173978789286,1.3039505817967054,81
Vanilla,139,43,136,6.6463917544201125,1.4800570226659588,89
Vanilla,140,40,112,5.807623456379223,1.452431759653451,86
Vanilla,170,57,106,5.939310606944445,1.0725494231439505,87
Vanilla,148,53,113,6.20192383804059,1.388277040533892,88
Vanilla,172,42,143,6.631931252477479,1.2441573287558172,83
Vanilla,148,43,125,5.5577328672172746,1.3784188625815879,83
Vanilla,120,53,132,6.356643359234315,1.2700715326429828,88
Vanilla,158,50,122,6.415278764696765,1.145275123728818,84
Vanilla,169,52,121,6.360463673404545,1.0640749406876278,81
Vanilla,159,44,132,6.040465269492711,1.3398122289996826,84
Vanilla,128,43,139,6.467432530748747,1.146229276777453,84
Vanilla,159,55,125,6.580158927938594,1.3808948968914754,86
Vanilla,143,42,121,5.762197048454278,1.2531526050766213,80
Vanilla,137,57,134,6.596340570661343,1.1618693425460882,80
Vanilla,132,58,135,5.790265596050399,1.201049081687949,86
Vanilla,140,52,115,6.073603650875039,1.446822946236796,87
Vanilla,153,55,144,6.207040008894179,1.1788142335049112,81
Vanilla,165,54,122,5.996816272826125,1.1534633374271364,82
Vanilla,149,41,100,6.088763083739116,1.224007415583505,81
Vanilla,141,42,102,5.940885185525921,1.0434124055190561,86
Vanilla,165,57,113,6.394663616777458,1.1043729685696386,89
Vanilla,135,53,145,6.353797558978352,1.1541440679149528,82
Vanilla,149,42,121,5.5752017190149035,1.2678504748040047,86
Vanilla,167,52,144,5.7263581181756145,1.3841384504277834,85
Vanilla,135,44,102,6.904762851556152,1.064662526257113,81
Vanilla,168,58,121,6.829527148031138,1.3414356182468614,81
Vanilla,147,48,147,6.167087105793277,1.0479452473588933,89
Vanilla,175,42,104,6.973433398619115,1.3748795316212252,90
Vanilla,130,45,100,5.8447283603959885,1.4021710204410227,89
Vanilla,148,44,107,5.843166570137328,1.4322470586457772,86
Vanilla,168,53,145,6.841449166462523,1.4210533404816048,87
Vanilla,170,52,124,5.701087844964535,1.2117159837604161,88
Vanilla,123,48,126,6.912076257804966,1.3659250378315604,81
Vanilla,138,48,113,6.151917362738976,1.0579129391175726,82
Vanilla,122,43,110,5.89676478641172,1.2073770289005092,85
Vanilla,143,54,114,6.8469773562712914,1.3816014740442015,87
Vanilla,174,53,134,6.1991297492673425,1.3897053826307268,80
Vanilla,175,57,113,5.990861560443072,1.059487005144813,82
Vanilla,121,46,150,6.755825516679674,1.0020869488028468,84
Vanilla,137,40,128,6.649077626302742,1.2479575969256755,81
Vanilla,122,58,124,6.983090766921718,1.2457652341459506,80
Vanilla,158,54,115,6.3319650788810105,1.1176721135918863,86
Vanilla,143,48,136,6.937407475354419,1.325048541332888,83
Vanilla,128,42,146,6.39960862147964,1.028163139814647,86
Vanilla,148,48,126,6.3185152789763785,1.252183574003862,88
Vanilla,148,56,127,5.678642945733236,1.07154949718805,83
Vanilla,156,42,127,6.376518086166048,1.0540388177590618,83
Vanilla,141,41,140,6.3288065170105945,1.3742647976817342,86
Vanilla,155,40,142,6.0699846524676735,1.1365120918786304,82
Vanilla,165,59,141,5.556285095379175,1.080602225119069,86
Vanilla,141,48,116,6.542681449906786,1.374911574231482,89
Vanilla,177,56,105,6.98123003279391,1.168319560289392,90
Vanilla,152,43,141,6.935527519361313,1.093133731756042,83
Vanilla,153,58,120,6.662239603750313,1.3828795210605278,87
Vanilla,179,52,105,6.787362980553697,1.3371384735140919,81
Vanilla,171,48,141,6.33741178706762,1.017350104924931,84
Vanilla,156,57,119,6.279775985696329,1.2521884542788713,90
Vanilla,140,43,115,6.4385809059996,1.1285674524850082,86
Vanilla,172,45,118,6.43063705029393,1.2966373916287706,90
Vanilla,130,42,145,6.513612411039592,1.3062908111632454,85
Vanilla,165,58,107,6.365769977940808,1.4931022486576562,89
Vanilla,121,44,124,6.537081566433889,1.40196981820512,88
Coffee,123,47,112,6.154168841318625,1.1518670419393358,71
Coffee,108,57,139,6.193971439787194,1.1987340097334562,63
Coffee,113,40,145,6.089342950360686,1.4938237566131045,63
Coffee,138,58,126,6.335368017987709,1.0474253767312158,68
Coffee,142,40,112,6.256207537800244,1.2593262183974805,74
Coffee,143,47,102,6.229125073200226,1.0410892960899742,65
Coffee,104,60,106,6.036763959542167,1.1957679350806247,77
Coffee,109,60,149,6.491833556566296,1.1830934544321396,75
Coffee,128,60,124,6.492189239308768,1.2701664377369786,72
Coffee,121,43,116,6.017563438890985,1.4975525282902056,62
Coffee,103,51,124,6.153336618573446,1.3989395613733138,66
Coffee,135,52,128,6.332852158750922,1.4675206006321204,70
Coffee,149,60,125,6.0924010168944065,1.4270469334690041,74
Coffee,129,51,109,6.338996364290583,1.3980803693759671,64
Coffee,106,49,103,6.225294626091018,1.2226800201055943,71
Coffee,124,50,127,6.346328782528853,1.4852129867645707,63
Coffee,116,51,105,6.0612819699556395,1.4736776818619026,65
Coffee,130,41,128,6.441954554081766,1.0601063845900376,63
Coffee,150,52,135,6.3489347428348575,1.0436669946605364,60
Coffee,106,46,140,6.136664112334993,1.4823346493556175,80
Coffee,132,42,106,6.370507357793163,1.109790819895413,64
Coffee,116,40,119,6.165108420856134,1.0294431608475154,65
Coffee,115,54,128,6.22095959072476,1.3746043906502736,61
Coffee,114,58,149,6.307498679155776,1.2902385069370637,66
Coffee,135,60,103,6.4540670834619664,1.2418631105005362,65
Coffee,106,52,123,6.094486245003273,1.4145205870613073,77
Coffee,100,57,136,6.292543433282228,1.0188751814722579,70
Coffee,135,45,124,6.213690870355193,1.3647994133598047,72
Coffee,138,47,122,6.248326461762084,1.0238015641370273,70
Coffee,134,56,147,6.152879753030257,1.1591537553380638,68
Coffee,106,46,114,6.095227529580362,1.444438624580033,67
Coffee,119,45,100,6.07402096572455,1.0325700136508273,68
Coffee,144,57,101,6.401753894741132,1.300519528559755,76
Coffee,135,41,109,6.322686306045815,1.3148470379068276,74
Coffee,128,46,107,6.137743514666656,1.4148572713824974,71
Coffee,104,42,147,6.002362253767588,1.3040423634147489,75
Coffee,110,55,107,6.001004776153081,1.178181641256373,69
Coffee,143,50,125,6.364014230022967,1.1313815378449534,77
Coffee,100,53,148,6.240237872475917,1.4819079726188131,74
Coffee,121,57,134,6.18438640969739,1.1838505715319338,64
Coffee,127,46,130,6.384032905168574,1.3153986091305299,78
Coffee,104,53,116,6.082334688350231,1.3417526318900157,67
Coffee,112,55,127,6.353087904607626,1.2976233535267905,63
Coffee,108,45,129,6.242579515697456,1.1027363130998578,74
Coffee,120,58,119,6.390924405188879,1.0217063919870126,68
Coffee,138,50,145,6.397321668594183,1.3995344943456027,61
Coffee,146,40,117,6.45262428562042,1.3608141453949507,66
Coffee,139,53,127,6.079896757159027,1.0097643864065713,60
Coffee,129,48,148,6.134525175528451,1.0702104138039115,72
Coffee,108,46,144,6.289328663212682,1.1322997670801314,74
Coffee,146,48,127,6.213792559673804,1.2075811557370706,64
Coffee,113,45,125,6.070994497098382,1.394675086940655,72
Coffee,119,42,141,6.125050771278298,1.0692070579194124,67
Coffee,142,58,150,6.040007775041225,1.3174958968692658,69
Coffee,101,53,149,6.117420694821539,1.4624141808980784,60
Coffee,139,52,107,6.382247220156244,1.4331958163993486,74
Coffee,136,48,148,6.4609842858465205,1.0361836024334385,78
Coffee,148,55,104,6.421178912230644,1.2996309103926555,63
Coffee,117,52,121,6.062038416218481,1.3665588291537651,63
Coffee,123,56,140,6.133795017769052,1.043147892507223,66
Coffee,117,52,129,6.055837022549868,1.2070585750746048,70
Coffee,127,52,125,6.162282401232739,1.0451544146153096,78
Coffee,137,42,144,6.033997021879949,1.083684495353452,73
Coffee,150,53,148,6.159230678053092,1.4523866151264315,79
Coffee,110,42,107,6.04293129565484,1.3076420033803946,77
Coffee,140,50,107,6.111001983617287,1.0940895412002523,71
Coffee,113,59,114,6.4001600562324485,1.4316995981502254,68
Coffee,149,58,133,6.174105835688995,1.3819866649750334,60
Coffee,143,47,144,6.395704369468003,1.2423252486079455,74
Coffee,125,55,145,6.304810200902507,1.4661495127163482,70
Coffee,114,60,134,6.196542808932846,1.4752463115608188,71
Coffee,107,49,102,6.450550221039386,1.0668630070441454,78
Coffee,136,46,136,6.109962118713141,1.2432974962960475,79
Coffee,130,49,120,6.162972228789976,1.1238861172132577,64
Coffee,143,57,116,6.14601497889154,1.0341089651694537,79
Coffee,119,54,104,6.2213983558475014,1.149059066968998,67
Coffee,118,55,112,6.300730729606828,1.437130463825533,60
Coffee,119,58,140,6.211914371637051,1.4333602080824224,68
Coffee,113,55,122,6.134262995741874,1.1178621057105638,80
Coffee,149,58,106,6.211442315517732,1.4748277045397962,80
Coffee,102,53,145,6.185913018077136,1.0806227659692358,77
Coffee,112,43,121,6.478324104435628,1.2454993991535472,72
Coffee,102,52,142,6.405779359157666,1.2942102933470023,79
Coffee,122,47,128,6.010666618809006,1.3284549212536756,67
Coffee,141,58,119,6.15185701608584,1.1912205435079444,79
Coffee,144,54,120,6.055159531362006,1.3075942469508097,61
Coffee,128,59,135,6.31833772245667,1.2286006167261618,63
Coffee,105,55,106,6.20884789118736,1.217126485186664,63
Coffee,130,47,130,6.376229441481721,1.3748595447825886,71
Coffee,128,55,104,6.284477211695801,1.045709386215738,79
Coffee,140,58,108,6.111674652965853,1.126514567335134,70
Coffee,112,59,140,6.042366657931038,1.235331204470718,61
Coffee,146,43,145,6.093046996845203,1.165752021159456,68
Coffee,125,42,116,6.2689414846834275,1.1267893861107363,67
Coffee,126,47,103,6.005367586640858,1.1638299968835564,74
Coffee,103,45,140,6.3013035221958384,1.116990328128675,78
Coffee,118,40,124,6.1294082928560485,1.3808043689235032,67
Coffee,149,52,100,6.356563713889628,1.0411611942308974,69
Coffee,103,42,124,6.3605963199396465,1.4624425333061435,68
Coffee,111,48,138,6.001898796217397,1.4648204999842167,77
Cotton ,164,41,149,6.379265989566111,2.4058540961085417,62
Cotton ,145,57,130,7.369227551955756,2.4554339677839394,61
Cotton ,167,45,132,5.862865823793243,1.5742688380005827,70
Cotton ,179,52,111,5.876470771883553,2.405634088326906,67
Cotton ,141,44,131,6.051370099996133,2.1986071503107203,65
Cotton ,151,42,103,7.170746357878109,2.2313003157295084,70
Cotton ,153,46,111,7.447987068797127,2.262385958865461,70
Cotton ,179,58,117,6.858404687343544,1.978287173207097,61
Cotton ,127,59,150,6.313689257805556,2.4812195064787654,60
Cotton ,157,44,149,6.208326452706165,2.1290004432832497,61
Cotton ,148,44,114,7.050444017434371,1.6288749108659033,67
Cotton ,141,45,146,6.098569481262441,2.164865956556844,67
Cotton ,121,42,150,6.1886261639187445,1.8778509296331358,70
Cotton ,162,59,131,7.245425961704424,2.0976923243482077,65
Cotton ,126,57,110,6.086727803381809,2.003296081428285,67
Cotton ,146,46,122,6.289640990683625,1.9565971594742737,67
Cotton ,126,51,106,5.7286341323607175,1.8857747321649176,63
Cotton ,136,46,126,6.332048364718035,1.8075115957638437,67
Cotton ,177,46,111,5.5495466436178456,2.076670816042562,67
Cotton ,135,51,137,7.473971112518945,1.5138262756955023,70
Cotton ,170,54,137,6.019196998598189,2.2074806888032894,69
Cotton ,127,48,101,6.171843625089787,2.2744440302200903,66
Cotton ,177,50,101,6.154976304262535,1.6232660740274265,70
Cotton ,163,56,144,6.2097147858665895,2.423206874382052,61
Cotton ,152,59,119,7.144074393821653,1.7228584568598693,70
Cotton ,163,41,125,6.134012102919494,2.4532953018476196,63
Cotton ,172,45,125,6.383391567968883,1.8797094829225047,69
Cotton ,125,49,143,7.11404187991139,2.091987852542929,61
Cotton ,143,43,113,6.707651862666608,2.110056916110266,63
Cotton ,122,40,148,5.7409506977315115,1.9631391280893684,70
Cotton ,177,42,137,7.111121833739178,1.6669540145130677,67
Cotton ,120,54,150,5.741035443295565,1.8129089141876757,70
Cotton ,150,49,108,5.906322027136232,1.7508067097204942,64
Cotton ,179,59,150,6.078852644853459,1.9797703415993335,70
Cotton ,136,53,137,6.0385237124203375,1.6541562578641873,69
Cotton ,158,41,145,5.813512802208309,2.3693629958827875,60
Cotton ,168,57,136,7.007973617080276,1.6529061965750516,66
Cotton ,121,56,122,6.278092736658364,2.317061958791664,61
Cotton ,126,54,118,7.087326033121358,2.200962430092066,66
Cotton ,164,50,110,6.263632697784172,1.6604894013785443,69
Cotton ,122,54,150,5.624480472445208,2.234176311105995,66
Cotton ,148,43,140,6.403907571627266,2.117541719272545,67
Cotton ,145,46,140,6.9673703339618624,2.3656187642330804,64
Cotton ,161,53,120,7.491141309050088,2.3982150143910785,70
Cotton ,139,59,126,5.738956547463906,1.6519875591636057,70
Cotton ,155,54,133,5.895059446475283,2.211130579598265,70
Cotton ,175,55,102,7.046229351573154,2.3099459900860833,70
Cotton ,151,51,123,5.748550596989789,2.0154369926778295,62
Cotton ,155,52,103,6.929851889868795,2.329175688961453,63
Cotton ,155,48,117,6.837522085372996,1.8398662553800857,68
Cotton ,178,46,136,6.228038217938909,2.469041327193368,67
Cotton ,146,51,112,7.42228677688019,1.6007477995574648,60
Cotton ,164,53,120,5.844608081500261,1.5034702042415593,64
Cotton ,176,44,149,6.086016837659033,2.487939809784669,62
Cotton ,179,55,112,6.75768218415648,1.738976319012874,70
Cotton ,156,49,130,5.578632516615927,2.3335387002592833,69
Cotton ,147,53,130,6.247542636427624,1.765212590019685,61
Cotton ,178,56,118,6.488345421720043,1.5702344205532333,64
Cotton ,178,46,100,7.0614436408297685,1.552314310507662,67
Cotton ,164,58,150,6.401810644683207,2.2047735801743915,68
Cotton ,162,48,150,6.980171528434928,1.7357987365911638,62
Cotton ,128,52,122,6.161625103067366,2.3526387058925686,60
Cotton ,131,48,138,6.370784326724865,2.4306810181789023,70
Cotton ,162,45,134,5.966230228134421,1.5821868099590795,68
Cotton ,126,57,131,6.961968380976188,2.3227997203975894,66
Cotton ,146,59,130,6.868528654659546,2.1146378887171613,70
Cotton ,136,42,139,5.789757442178688,2.254922348730863,69
Cotton ,132,44,148,7.056338893097405,1.5656423663111063,64
Cotton ,124,55,149,6.130351839124746,2.1330383916977684,62
Cotton ,162,50,145,6.404180700075559,1.5268023017635253,65
Cotton ,165,43,121,6.185062274885967,1.6974539889837823,64
Cotton ,137,40,131,6.304641361781275,2.137001152004159,68
Cotton ,145,60,106,7.113200831245856,1.6438898347765072,70
Cotton ,165,50,103,6.2715605255088605,2.3623314357373895,60
Cotton ,134,44,121,7.246841840957198,2.4667563201911156,66
Cotton ,160,44,124,6.160166806110498,1.853537198604124,60
Cotton ,177,49,130,6.847730710803029,2.1252636883344933,67
Cotton ,164,59,128,7.3691530412741955,2.0535389625262046,60
Cotton ,164,54,127,6.02650688481183,2.0410381060996183,68
Cotton ,137,58,113,6.098130408790536,2.285109550980499,69
Cotton ,125,49,131,5.944564160891707,1.6663219763653454,66
Cotton ,134,45,123,7.163603282121263,2.205482321100782,64
Cotton ,128,43,123,6.8185616809922545,2.2865279318977034,64
Cotton ,120,53,149,6.481882282889698,1.9266830231742045,60
Cotton ,140,60,132,6.3314954322518275,2.3942961355550407,69
Cotton ,166,59,149,5.615233679980445,2.046007260060508,67
Cotton ,139,47,144,7.491720654103345,2.3701359098756103,64
Cotton ,171,45,146,5.535839915471641,1.8210316582223183,68
Cotton ,177,51,136,6.974096556712121,2.3061535120515813,62
Cotton ,128,49,130,5.921258203851751,1.6157657648940953,69
Cotton ,137,46,115,6.676888692738225,2.457210042010778,65
Cotton ,171,50,139,5.987083486220635,1.7420875447483875,69
Cotton ,170,59,110,6.3163607696082265,2.0557324729033475,62
Cotton ,170,44,133,6.710295366409712,2.2667742936292345,62
Cotton ,155,43,129,6.335751938279717,1.5590174362085942,68
Cotton ,170,47,142,6.707660410716651,2.0533901855710535,65
Cotton ,179,50,118,5.872331747633028,2.199979784717592,67
Cotton ,178,53,133,6.775493680065473,2.2061497892758006,67
Cotton ,180,44,128,5.5523937822465905,1.9059807989513216,63
Cotton ,133,45,148,7.200277864285108,2.169916378918678,70
Tea,146,52,117,5.485021259649873,1.0487768910693147,77
Tea,106,45,149,5.2988420068603,1.188236296657148,77
Tea,135,55,116,5.275362225971393,1.065628011808244,74
Tea,139,40,114,5.123251915418983,1.14721417019596,75
Tea,140,50,134,5.250093176434483,1.0006464471347363,73
Tea,130,46,104,5.430505850143414,1.1049359097006137,78
Tea,145,57,150,5.215328200727419,1.1959517292200625,80
Tea,101,44,148,5.3717901422135315,1.0574390121098545,80
Tea,108,44,128,5.103314938349193,1.082445175749413,72
Tea,100,40,107,5.435615415456048,0.8599037002927425,75
Tea,127,55,149,5.421551921468006,0.8990612573033515,80
Tea,102,60,146,5.194546961580905,0.8371065419022441,80
Tea,127,52,103,5.234513352434092,0.9336324005175629,70
Tea,120,56,102,5.393815927392883,0.8029073560233799,72
Tea,145,48,133,5.038610933874554,0.919974176610439,80
Tea,119,46,138,5.2317588417794,0.9945180878023291,76
Tea,114,42,135,5.23944079352434,1.1659118095928431,72
Tea,120,52,113,5.499703754759799,1.1157999689088096,70
Tea,113,46,105,5.403181665787709,0.9518559862005029,70
Tea,116,49,107,5.243719376027673,1.1113256744970024,80
Tea,132,46,113,5.299024162240871,0.8811445682846889,75
Tea,140,53,117,5.25001567703811,0.8689680908292559,75
Tea,122,53,148,5.290662406812322,0.8621780335413887,72
Tea,126,59,134,5.088057530297254,0.963319893268727,80
Tea,140,46,124,5.055872076534967,0.9178569517681128,72
Tea,135,45,123,5.269124574516629,1.123268780770044,78
Tea,124,42,103,5.3973298291666305,1.0087799468943277,79
Tea,119,57,134,5.4967691539752535,1.084297980427916,79
Tea,106,42,146,5.133478524902189,1.14768609367292,70
Tea,123,59,109,5.298373238025325,1.1989819377718982,80
Tea,120,53,104,5.388080032542948,1.1995383379854296,78
Tea,136,41,131,5.043637252685595,1.0899495696701775,76
Tea,107,52,113,5.43286010783114,1.0253248016689438,75
Tea,105,40,144,5.183680843860299,1.1877063153597511,78
Tea,113,58,145,5.146566152997593,0.8240388069077279,80
Tea,131,49,118,5.398271451012465,1.0640215066782188,77
Tea,133,51,102,5.408146927013445,0.9709597987427506,77
Tea,137,43,131,5.333365689545095,0.9095183701060788,74
Tea,122,51,138,5.385959336830268,0.9037478558210441,75
Tea,120,52,105,5.220984344771816,1.14797147379498,79
Tea,131,53,128,5.131587562473422,0.9072306392490257,73
Tea,123,47,128,5.465588042382798,1.1348816421079024,75
Tea,131,50,149,5.074666847144555,0.9919849323902746,80
Tea,139,58,106,5.062571094408639,0.8123300345424744,77
Tea,125,44,103,5.199021122005628,0.899992827583319,71
Tea,109,42,123,5.027963544354366,1.059119447467826,77
Tea,150,48,145,5.422642145567417,1.1329774355016924,80
Tea,126,45,148,5.209300074745109,1.066711158340772,75
Tea,130,40,144,5.463348810098109,1.0111040682689234,76
Tea,139,51,136,5.054208771515016,0.9343643338355926,80
Tea,148,52,136,5.4847643320945165,1.1180717770686317,75
Tea,123,60,148,5.394361841920244,0.9158950614376236,73
Tea,100,60,131,5.115581955961696,0.8972041207072259,74
Tea,127,40,137,5.134909838686806,1.0036102894125865,80
Tea,131,53,137,5.0431257651653985,1.0259678256537457,80
Tea,112,40,139,5.269184779498699,1.1329076739360175,70
Tea,115,53,133,5.472128063254876,0.8657815209126712,80
Tea,119,58,140,5.498094624013242,1.1332842618360244,77
Tea,119,53,110,5.342993431880743,1.1893744430293005,77
Tea,100,58,112,5.148709928134371,0.8243463672766762,73
Tea,113,60,132,5.440288865615044,0.9324808881213784,79
Tea,125,56,106,5.301874658642744,0.9721091008093611,78
Tea,146,45,136,5.168710888639236,1.1459265168073167,75
Tea,135,59,108,5.446944591889505,0.9668253439852792,74
Tea,115,57,103,5.110407004777837,0.9291125558872461,77
Tea,115,44,118,5.112920402205133,1.0430932001425581,74
Tea,121,44,149,5.164813661986952,1.1355317812955485,71
Tea,105,53,145,5.354768511151976,0.9141452300268671,71
Tea,146,59,115,5.2672510005953574,1.1792170305633873,79
Tea,104,51,121,5.147311560718947,1.079518158722083,77
Tea,143,44,139,5.148211536459161,1.0509922519369552,75
Tea,123,53,129,5.4429068558884275,1.0880199326273075,73
Tea,140,51,111,5.171766530968892,0.9112923197006219,77
Tea,131,44,120,5.430965019253244,0.8586170965568097,78
Tea,114,57,114,5.480650353443374,1.0854642072738034,72
Tea,118,55,117,5.053823233624515,1.0299458698982877,76
Tea,114,48,137,5.389548995361679,0.9846457900880655,78
Tea,138,59,144,5.323929668232757,0.9277197006082475,72
Tea,116,45,142,5.12963224443974,0.9070791886324951,74
Tea,120,52,108,5.414317751589005,1.0663040670547368,70
Tea,122,55,108,5.327322437637202,1.1931191000931198,77
Tea,109,55,130,5.222024265540948,1.012018450601876,74
Tea,135,47,111,5.167109376943978,0.9730589485932916,75
Tea,131,43,130,5.383598439644899,1.0119098624106304,72
Tea,110,52,106,5.055560667866395,0.9801599337444645,76
Tea,138,53,110,5.032570764910589,1.0094671654599388,76
Tea,139,60,137,5.105419041523895,1.055583904811438,76
Tea,113,43,100,5.262080819929581,1.182734011587193,74
Tea,133,46,112,5.3028171959594985,0.9148992062527029,74
Tea,109,54,150,5.082074888244601,1.0102270470391597,74
Tea,105,59,119,5.1597514523751,1.1241178398628386,70
Tea,132,41,133,5.250380912419154,1.1032228830289084,78
Tea,144,46,102,5.424921427143163,1.156593622421936,70
Tea,124,54,141,5.335420226513237,1.0876952990445476,78
Tea,103,40,140,5.4837342908348585,1.131337151769094,80
Tea,139,42,109,5.3418229414860265,0.8512870948541718,74
Tea,126,54,145,5.263941082775918,0.9283472695643644,76
Tea,148,49,140,5.100107306218055,0.9874280749977898,76
Tea,132,59,134,5.034630425240243,1.0818330027299394,71
Tea,137,51,125,5.181553044162974,0.9557815780635655,75
Tobacco,166,57,134,5.950499114171489,1.9050133252256827,69
Tobacco,175,53,136,6.13961780864829,2.45836369090159,69
Tobacco,152,54,102,6.278308644872202,2.200847442460592,64
Tobacco,135,54,147,5.435934140795351,1.9728656287891204,66
Tobacco,149,46,145,5.841702794178324,1.6153722365020315,67
Tobacco,178,46,143,5.1361885169256825,2.031465855167238,68
Tobacco,140,54,137,6.226282844985455,1.830804656992668,63
Tobacco,177,50,146,6.414640760241074,2.3641733386715043,70
Tobacco,134,51,139,5.184360561970329,1.6801619230833589,66
Tobacco,137,58,118,6.048958377226225,1.864144377081372,64
Tobacco,142,50,131,5.19362617355591,1.8403258628973262,69
Tobacco,133,59,141,5.100309701394388,2.001358941379735,66
Tobacco,124,52,128,6.1876334387282625,1.6137843527142017,67
Tobacco,169,41,135,5.591310862865077,2.2776591990644146,68
Tobacco,166,52,127,5.418189856663321,2.2812667500165116,68
Tobacco,171,58,127,6.128084741767767,2.3882011553500444,63
Tobacco,127,59,133,5.676651691288585,2.387032586454744,67
Tobacco,178,43,129,6.23515434123787,2.3352754389926824,66
Tobacco,158,48,121,6.1699952960341475,2.107571127823875,62
Tobacco,136,53,101,5.6680977372021575,1.8981284303678652,65
Tobacco,134,56,101,5.135659227226128,1.9102342335108062,61
Tobacco,126,54,113,5.019571015761995,1.8712179027232223,66
Tobacco,120,60,131,6.174119791355915,2.3044471110219615,60
Tobacco,177,53,111,6.489872654430198,1.9330053223825994,69
Tobacco,159,41,138,5.041677860423431,1.7718761018472033,69
Tobacco,180,42,102,5.8288782585958,2.221609535631553,62
Tobacco,138,57,149,5.639364848254909,1.6578678925284074,69
Tobacco,178,49,134,5.1248354897854025,1.651271890943099,64
Tobacco,174,44,110,5.04564483426528,1.8300080073149827,60
Tobacco,158,46,130,5.911810417929879,2.4258707714578005,70
Tobacco,122,45,132,6.287992805550276,2.1182710016713284,63
Tobacco,136,58,116,5.736672315837481,2.075629889411772,61
Tobacco,123,46,125,5.128623887454055,1.8463546710168441,66
Tobacco,162,60,120,5.4176209293240145,2.0755177224068415,69
Tobacco,162,56,111,5.4394153889252035,1.534517252717945,60
Tobacco,139,45,133,5.263522338056173,2.0720392360444264,64
Tobacco,125,60,141,5.264588212756886,2.290573331739404,66
Tobacco,156,54,136,6.120785045123171,2.374958758362557,61
Tobacco,127,55,140,5.191645241562784,1.619918634726595,63
Tobacco,128,44,129,5.520419059530806,2.1400032790816113,62
Tobacco,180,40,120,6.2371038346858985,2.2889460861036293,69
Tobacco,164,57,133,5.138432212325779,2.0090896949826695,64
Tobacco,150,46,132,5.658295067859705,2.493660006738671,68
Tobacco,135,55,121,5.88665849748493,1.722382068454798,68
Tobacco,177,40,121,5.531066452991511,1.7980184711377971,70
Tobacco,139,57,118,6.2935771110032785,2.313452847224203,70
Tobacco,158,54,126,5.079560684241998,2.384204723586589,69
Tobacco,144,59,145,5.88296422574494,2.0031296126329465,63
Tobacco,150,55,122,6.285160074851129,2.1262663749019795,62
Tobacco,156,43,123,6.222345139442324,2.124723549674404,61
Tobacco,177,56,118,5.8414042201554,2.175206914828941,64
Tobacco,164,53,108,5.901460209767399,2.19959169499528,64
Tobacco,133,54,148,5.343860382003487,2.062570052846101,64
Tobacco,154,52,117,5.477502419839205,1.8667181750017747,63
Tobacco,169,58,141,5.510743952896036,1.873798996154971,64
Tobacco,156,45,110,5.190853953169683,2.356425193405781,65
Tobacco,165,41,121,6.217126114222014,2.103340398202951,70
Tobacco,142,41,103,5.004644267369496,1.7970693009904575,65
Tobacco,174,59,134,5.248892337988625,1.7088317164716251,67
Tobacco,121,54,124,6.443190114207582,2.2555924026411738,69
Tobacco,164,57,139,6.161313568717242,2.4852661955553415,68
Tobacco,127,46,137,6.1935021834479205,1.9090240541195755,63
Tobacco,141,55,110,6.22079782615492,2.1892562501676625,70
Tobacco,145,44,114,6.065009118471325,2.3074637178531674,63
Tobacco,170,48,102,6.194130655349289,1.6968385252437934,63
Tobacco,136,60,150,6.0604494495381,2.2855584249200245,66
Tobacco,156,60,138,6.084009059821919,2.1080298627030674,69
Tobacco,158,58,119,6.3211813710771345,1.8964879252947464,60
Tobacco,132,56,111,5.655671079949312,2.012271199229258,68
Tobacco,146,43,145,5.610049860712071,1.8603378354914217,67
Tobacco,132,47,120,5.498810372183831,1.7604426573826268,66
Tobacco,172,48,131,5.930857536089507,1.793188409600947,67
Tobacco,175,52,132,5.679899034464958,1.6080583730093951,64
Tobacco,163,43,109,6.354301260593185,1.898834728893732,62
Tobacco,132,50,125,5.939024588407278,1.9267185678586993,66
Tobacco,147,53,129,6.053771288946557,1.84107024468234,70
Tobacco,180,43,100,5.406477493640743,2.217480112964088,62
Tobacco,141,46,123,5.517762465816408,1.5633843575818207,61
Tobacco,163,44,143,5.847820244344937,1.6174453774342434,65
Tobacco,158,41,128,6.014366841349577,2.085040923395516,69
Tobacco,169,54,108,5.622513945343051,1.6571822176070137,65
Tobacco,127,50,100,6.265218508708973,1.778010242807039,61
Tobacco,176,57,133,5.305202987192221,1.857155509244604,70
Tobacco,129,48,140,6.2477558279394545,1.7748018903517035,69
Tobacco,156,59,105,5.381783640500121,2.2416769733086603,62
Tobacco,165,47,126,5.472559310135842,2.0491218171110583,60
Tobacco,138,55,126,5.712055176862482,2.46832682183579,67
Tobacco,145,49,107,5.785465166739907,1.5721991056944407,61
Tobacco,177,57,145,6.47843478037469,1.8752380555013792,60
Tobacco,128,59,124,5.600956698260118,2.0139609602548103,70
Tobacco,126,46,105,5.678959443028771,1.8247372113641824,65
Tobacco,180,53,101,5.756966200750939,1.8959890395921866,66
Tobacco,130,48,102,5.535260007183507,1.9902786495238116,67
Tobacco,131,52,144,5.4521744823743195,2.207604874530221,67
Tobacco,144,53,126,5.735948227816675,1.9893482886280218,68
Tobacco,157,44,136,6.4678792863592935,2.160383442349673,67
Tobacco,134,46,142,5.078775152013234,1.936663436490662,69
Tobacco,122,48,108,5.930146387838784,2.49565037502026,60
Tobacco,146,43,110,5.794264044002349,2.470067355659176,65
Tobacco,151,40,149,5.376246356455712,1.9431612116337997,68
Groundnuts,133,51,110,6.0493616898608815,1.3904920200169997,61
Groundnuts,164,60,118,6.759019321253804,1.2474884311114822,63
Groundnuts,122,50,120,6.876775621818134,1.291062452248514,67
Groundnuts,153,57,131,6.869157370972983,1.3996572538895575,66
Groundnuts,136,40,139,6.127634293746018,1.0517828231282171,61
Groundnuts,147,43,121,6.507731233352567,1.390047892881652,67
Groundnuts,136,42,113,6.1811762829862085,1.226218776586219,68
Groundnuts,175,59,137,6.502710120205925,1.1532744693635373,61
Groundnuts,154,47,125,6.4989330580539315,1.0504732868416027,65
Groundnuts,145,50,138,6.487192347209636,1.4994880892380142,63
Groundnuts,144,52,124,6.3982796391898855,1.1074907889572128,63
Groundnuts,128,54,146,6.7267380259522245,1.3929533199811543,69
Groundnuts,164,49,115,6.867952405257435,1.2885932788488006,69
Groundnuts,142,42,124,6.39465289413883,1.4485543403913497,68
Groundnuts,121,52,139,6.504037002622962,1.13991203690677,64
Groundnuts,141,55,101,6.3967231351795055,1.2577959479110503,65
Groundnuts,171,43,108,6.675379828507561,1.4286873035845993,69
Groundnuts,150,60,146,6.747286004361041,1.4697605942805174,61
Groundnuts,125,48,146,6.555788422598653,1.4263108790757977,61
Groundnuts,136,45,140,6.902135712939812,1.2992820993224177,69
Groundnuts,157,49,105,6.418626006339615,1.3593203185966534,67
Groundnuts,135,49,127,6.670732932515105,1.1670601486527423,64
Groundnuts,176,51,126,6.424928305448266,1.2294829139066392,70
Groundnuts,142,42,141,6.951013135037567,1.2295355004066435,64
Groundnuts,159,45,125,6.8757922118406185,1.3877210224700993,70
Groundnuts,130,53,118,6.177328388382572,1.1159569002549934,62
Groundnuts,157,48,121,6.612196973558397,1.4783120274804813,67
Groundnuts,125,51,100,6.993302366917965,1.481810001969091,69
Groundnuts,125,50,148,6.8085571554999,1.4638107546320844,61
Groundnuts,124,59,109,6.6255383151362395,1.319383698099547,62
Groundnuts,174,54,131,6.002368921488827,1.2740406935551047,70
Groundnuts,159,52,122,6.64138470092327,1.2717300664466547,63
Groundnuts,131,52,104,6.734772672368853,1.3130409562288468,69
Groundnuts,122,56,109,6.081179089212373,1.0899619674763283,68
Groundnuts,141,60,139,6.474296630695101,1.4435707615454247,61
Groundnuts,147,60,141,6.780917430828205,1.0843814503079918,62
Groundnuts,168,60,133,6.053770495707677,1.0306176651766998,60
Groundnuts,179,53,146,6.598328287114229,1.196588870260309,63
Groundnuts,175,48,146,6.977836659983893,1.4812313752987074,62
Groundnuts,122,60,139,6.403481041839837,1.2793162066821235,60
Groundnuts,158,48,150,6.997718652438974,1.362484921968922,67
Groundnuts,178,51,146,6.898840505621272,1.379256631679916,65
Groundnuts,127,41,108,6.962275836970038,1.177432882623847,67
Groundnuts,137,50,127,6.996480345302438,1.3998740553664395,61
Groundnuts,143,52,116,6.525831470112381,1.471620105981486,69
Groundnuts,125,41,135,6.858788812665754,1.4484583928750527,66
Groundnuts,156,47,132,6.800254261633751,1.3254567090962066,61
Groundnuts,128,49,108,6.161987198642241,1.3740074529168496,65
Groundnuts,129,41,146,6.66023852669515,1.361624376318657,66
Groundnuts,159,44,119,6.798450373804614,1.0789218600860382,64
Groundnuts,153,59,150,6.721939833907581,1.1836460577210108,65
Groundnuts,179,60,127,6.912441705167819,1.091981173196837,65
Groundnuts,164,48,118,6.579101530079735,1.112142644347413,70
Groundnuts,158,56,141,6.235094991143943,1.243132337503702,60
Groundnuts,134,51,101,6.090198129148878,1.3261178951928994,64
Groundnuts,135,48,146,6.257877870412875,1.4031599910530008,60
Groundnuts,172,53,101,6.656281823268333,1.2783196379055801,66
Groundnuts,131,50,146,6.453060220792484,1.191232064043835,68
Groundnuts,133,56,136,6.068523202711598,1.1381341341325018,60
Groundnuts,124,52,116,6.848632373907291,1.199780285893755,68
Groundnuts,136,50,124,6.4196724798348805,1.475322754310244,62
Groundnuts,129,54,139,6.774913885119476,1.1836172595700667,66
Groundnuts,154,40,110,6.145333720997842,1.13625938890981,68
Groundnuts,165,40,147,6.627372316742532,1.3570232633324943,65
Groundnuts,160,50,134,6.903602310345154,1.0572314099715652,68
Groundnuts,152,59,144,6.958267808663657,1.169690748076877,62
Groundnuts,165,58,136,6.994528795893652,1.1798623213129544,69
Groundnuts,144,42,110,6.84324369114206,1.12832164670641,62
Groundnuts,131,52,112,6.909298645181299,1.1216860759817677,61
Groundnuts,123,49,109,6.236235663620927,1.0148436760531272,65
Groundnuts,139,56,149,6.078482248610682,1.163221811018019,68
Groundnuts,145,50,116,6.281742990272804,1.3062961668976956,61
Groundnuts,122,43,109,6.4519481228961455,1.3234829231932093,70
Groundnuts,180,40,119,6.712082242368583,1.3135471031174224,66
Groundnuts,167,59,145,6.124401900447032,1.1932038049270979,67
Groundnuts,137,43,132,6.943281176853467,1.408458472309401,60
Groundnuts,132,55,125,6.126287155786686,1.3088331659407808,60
Groundnuts,150,57,132,6.354695568321063,1.3430217041124353,67
Groundnuts,128,59,106,6.56443988158495,1.2911390654343449,70
Groundnuts,173,50,122,6.404985926647474,1.0653270666335009,65
Groundnuts,138,59,141,6.27254685088225,1.120864656699942,68
Groundnuts,138,40,107,6.127925689665747,1.3051795139623952,70
Groundnuts,126,43,136,6.455656301366787,1.3180836621521341,70
Groundnuts,165,55,128,6.389108652066443,1.0513249776649984,63
Groundnuts,157,50,144,6.937146409290375,1.1215907445601934,67
Groundnuts,163,44,137,6.479986460598111,1.3404991237710286,60
Groundnuts,129,56,110,6.2324823457359,1.4167677517920034,63
Groundnuts,172,41,115,6.737751781661138,1.24113194531816,65
Groundnuts,129,42,118,6.427468099195483,1.1387003072430582,68
Groundnuts,177,41,119,6.511640596618146,1.3318837399061105,62
Groundnuts,120,42,146,6.017522476574884,1.2332017894444582,65
Groundnuts,152,52,149,6.23884859400074,1.366172975779257,64
Groundnuts,148,60,138,6.320971512092671,1.2752532284797917,70
Groundnuts,148,44,109,6.5516169247406335,1.0125696945751055,66
Groundnuts,125,46,121,6.061225182369747,1.0847156264933382,69
Groundnuts,157,54,105,6.0771164698668105,1.044700689444731,65
Groundnuts,134,45,134,6.90812005697447,1.183209826663469,67
Groundnuts,178,56,146,6.799163797738648,1.0629342650632407,69
Groundnuts,120,52,125,6.6033740442034405,1.4656745422440147,67
Groundnuts,178,59,120,6.1416827448964355,1.3988060998724574,64
Yams,177,53,125,5.9241004228289675,1.359087345175564,63
Yams,147,47,138,5.510880691905222,1.117011828771325,61
Yams,155,49,144,5.553213937962597,1.1594284993524442,77
Yams,153,53,131,6.002366452151441,1.2190716591654753,71
Yams,158,58,140,5.774324830887684,1.3700843510085978,68
Yams,137,45,146,6.453975925723221,1.2155010904951855,71
Yams,145,49,109,5.546019944282583,1.4621483957110921,64
Yams,155,56,148,5.748914302963132,1.1546660195584795,78
Yams,178,43,110,5.5500082505064405,1.0189187497929606,74
Yams,128,54,136,5.770100986066114,1.1112445284863317,71
Yams,128,54,122,5.946269437702287,1.3216772295976968,80
Yams,163,54,145,6.350204110051866,1.0491463818579125,67
Yams,142,57,150,6.027557954425264,1.3492028697114908,62
Yams,145,58,137,5.838507026285,1.0113449902119351,69
Yams,132,57,150,6.368459614397091,1.1881670116619727,63
Yams,178,57,148,6.279663870125363,1.2198152424322333,72
Yams,154,40,126,5.731208090331375,1.2749228767105207,60
Yams,180,54,132,5.986908242224755,1.3965223002029188,60
Yams,121,41,110,6.330538741816412,1.3318964980280172,70
Yams,129,52,123,5.940415390836758,1.0989306260646234,62
Yams,154,45,150,6.273092572505387,1.286769941088213,77
Yams,179,55,150,5.561216517834022,1.2381599984851184,74
Yams,173,56,100,5.799319241774736,1.1634307551022098,71
Yams,165,58,109,5.993076058820852,1.237578549264441,77
Yams,166,54,141,6.253440213030728,1.4909096882850963,61
Yams,166,59,132,6.068937939675261,1.2242391783080593,64
Yams,179,52,108,5.718650971683167,1.0754633575249035,72
Yams,145,43,107,6.489432861439198,1.2673934487149512,61
Yams,172,41,144,6.2007848373645995,1.0665491439571362,79
Yams,157,56,133,6.189334566228516,1.4570088305570148,79
Yams,123,40,134,5.6504259004911965,1.3799441397003673,74
Yams,128,48,101,6.402969923685991,1.3394663226901256,76
Yams,133,46,139,5.619555711702747,1.3765596074373192,71
Yams,148,58,123,6.3077380188057885,1.1950198998695452,72
Yams,171,43,144,5.770593114561977,1.3759001688310943,78
Yams,155,44,135,5.8108813213259385,1.152115329647668,61
Yams,159,51,105,5.7797953973838565,1.1370651909062477,77
Yams,122,52,117,5.782286855428338,1.0320260897167919,60
Yams,127,50,133,5.660962032095815,1.2173715858937681,60
Yams,151,60,149,5.910100362382873,1.447242345285181,60
Yams,164,48,136,6.112789783522665,1.1373340955859148,80
Yams,153,50,113,5.8556267489909555,1.2655550057245306,80
Yams,138,51,102,5.530312564321615,1.1060733782374172,71
Yams,133,40,123,6.086279357457693,1.2565792503502489,74
Yams,143,41,129,6.448867687011187,1.224322673324725,75
Yams,122,46,134,5.59790326849527,1.4956408218672679,71
Yams,178,47,145,5.870716397387713,1.0873869616821452,71
Yams,170,41,135,6.311146945043707,1.175898255775386,70
Yams,173,59,129,5.609733895904176,1.4046229541648456,60
Yams,163,45,129,5.908405967804649,1.1049906580440627,74
Yams,150,46,146,5.877919816502007,1.1008118125739779,72
Yams,138,49,128,6.333099683238368,1.4045777501043437,66
Yams,131,58,122,6.108839761127004,1.3793161535040706,61
Yams,159,48,149,5.761389497733882,1.4848765152161474,80
Yams,172,45,108,6.125566370359776,1.2209092325114583,60
Yams,135,52,150,5.855982704427972,1.3766666785332382,66
Yams,129,58,148,6.026178359605857,1.2162413576874842,76
Yams,172,53,111,6.469144919663964,1.0271307257974223,62
Yams,174,40,148,6.40970302405522,1.00088667577724,63
Yams,127,40,143,5.804653641834634,1.201654360678158,61
Yams,159,60,117,6.369000801550282,1.039474831815573,61
Yams,151,50,136,5.9038270756076425,1.0393918926956272,60
Yams,166,60,117,6.171463278760899,1.2531910529626824,75
Yams,160,56,134,6.029689443566132,1.326615819700629,60
Yams,136,49,100,6.402784693801387,1.2678440220815927,70
Yams,144,50,146,6.382773392467122,1.2752169678042895,64
Yams,172,46,144,6.48139786940924,1.4638687065175742,72
Yams,153,48,145,6.256573286524448,1.0621433884856086,61
Yams,120,57,130,5.660213317755217,1.3241644901538046,66
Yams,167,43,107,6.064866247586977,1.2082362465449519,79
Yams,124,53,126,5.906506606501894,1.2676275731603754,70
Yams,128,55,141,5.716572675433127,1.2728666272416729,70
Yams,164,44,135,6.281808824941076,1.2556816629043028,65
Yams,149,41,116,6.23772839726092,1.23915525642724,78
Yams,124,50,108,6.206644564704741,1.451802156997486,71
Yams,137,45,122,5.64601509055818,1.0521219629794452,69
Yams,135,41,134,5.983604476863193,1.2269927388383115,74
Yams,149,50,107,5.61023648519229,1.2656132574033307,60
Yams,135,48,139,5.577359810842249,1.3315512796054745,62
Yams,159,50,107,6.368752314468692,1.1203714597225973,73
Yams,160,49,136,6.342340587401316,1.2224909180267738,76
Yams,172,40,145,5.568083792655993,1.449750954011379,70
Yams,125,48,119,6.2734016963695645,1.3203215793707979,68
Yams,134,57,147,6.369653523945902,1.3537096280551189,72
Yams,167,44,135,5.741585215951783,1.0347197934696175,73
Yams,151,59,112,6.183320361787881,1.1389634686362278,70
Yams,168,53,141,5.884765827697017,1.4097476735385586,79
Yams,133,46,144,6.017967132833387,1.0786046722226303,62
Yams,147,41,102,5.965025660076387,1.0465869766977909,61
Yams,168,50,110,5.792304886753048,1.0521582756996652,72
Yams,167,45,123,6.195078084958206,1.2827254060430902,65
Yams,149,50,116,5.991670537931062,1.0126835130424827,69
Yams,168,40,127,5.683702864407373,1.0017580474187016,65
Yams,141,45,109,5.58039510181704,1.3250889277136566,73
Yams,134,53,124,6.2183672844931195,1.0802731045611336,78
Yams,125,54,122,5.802864629672653,1.084534334049001,65
Yams,120,47,144,5.55939066186819,1.0073998363176406,79
Yams,123,60,129,6.379555850554797,1.2213563757250672,64
Yams,176,59,107,5.77196311853305,1.0000671986425518,65
Yams,172,52,131,5.7125380825587815,1.1800843768341955,71
Maize (corn),107,78,177,6.60691754841467,1.7609467202540356,20
Maize (corn),137,54,126,6.127794311870827,1.7818100837921227,30
Maize (corn),123,76,157,6.178472851675286,2.058903150300757,24
Maize (corn),137,66,164,6.466542002327886,2.1842492573555248,27
Maize (corn),112,53,129,6.811885043382792,2.153911091705526,29
Maize (corn),128,71,138,5.654905935143396,1.5634291522827968,26
Maize (corn),125,65,137,6.055280958615972,2.1741074476502993,19
Maize (corn),117,59,142,6.622871191897078,1.8029044502802498,30
Maize (corn),135,50,164,5.6536167577814,1.6213106606679002,24
Maize (corn),111,77,178,6.477873934646186,2.116516594701604,19
Maize (corn),150,50,126,5.881536001586029,2.3698265715619464,30
Maize (corn),105,59,145,5.896983799758742,2.060552161763078,19
Maize (corn),103,54,123,6.024085353786715,1.6359256674833071,30
Maize (corn),130,64,158,6.5108897863480975,1.8258902709251057,28
Maize (corn),131,70,162,5.705961900439481,2.445134302345434,19
Maize (corn),130,73,125,5.855146755282429,2.280294873428006,18
Maize (corn),115,79,144,6.055358368166134,1.6319610689161927,27
Maize (corn),120,68,155,5.69926528687062,2.1122636635132097,20
Maize (corn),128,57,143,6.70417585536735,2.1410452712275907,24
Maize (corn),125,72,170,6.892424724745889,2.3622253078496573,18
Maize (corn),149,52,172,6.795197235353522,2.291064086503289,28
Maize (corn),138,67,136,5.672803812905787,2.1540168463955234,30
Maize (corn),106,63,158,5.933245221016988,2.3539872361270295,19
Maize (corn),133,59,151,5.73734928182596,1.6688497327799925,25
Maize (corn),146,72,176,6.936348151192503,2.3479614184096507,25
Maize (corn),136,77,157,5.876450183740608,1.5771668019458813,23
Maize (corn),105,72,152,6.487680227285747,2.4415808190366475,26
Maize (corn),150,53,132,6.214597826618756,1.7182376730878024,18
Maize (corn),143,61,146,5.827696370284328,2.405406102172521,20
Maize (corn),121,71,127,6.052703703278787,2.0593982198662903,22
Maize (corn),135,68,134,5.532642106335868,2.0363251647967364,18
Maize (corn),130,63,135,6.168875675576351,2.3295946904297535,27
Maize (corn),129,55,170,6.493339487098538,1.612317757699025,24
Maize (corn),118,59,178,6.518568019829377,1.6459327736164018,19
Maize (corn),118,73,174,5.675255203598587,1.536617905445572,30
Maize (corn),124,52,143,5.668959953371369,1.793915633716567,27
Maize (corn),105,55,132,6.6695154442254845,2.348451968764216,27
Maize (corn),146,68,160,6.534638620942819,1.528721638834885,22
Maize (corn),103,59,175,5.51379292195447,2.1617183352446685,18
Maize (corn),144,56,154,6.07224167481767,1.6915080200572457,22
Maize (corn),100,62,166,6.919264685944608,1.6420901486517798,22
Maize (corn),142,63,130,6.335369010964952,2.053161171576308,25
Maize (corn),114,62,162,6.594385039826373,2.3546277046940576,27
Maize (corn),115,57,178,6.442931123047153,2.2577031119545525,29
Maize (corn),140,60,150,6.966367118518599,2.3310263698791482,20
Maize (corn),132,53,133,6.234961858082052,2.0620689082181443,28
Maize (corn),123,74,179,6.214476462138187,2.197092741459381,25
Maize (corn),142,54,180,6.599473425007542,2.432020046160672,28
Maize (corn),148,69,135,5.875139482561367,2.1239203366826924,27
Maize (corn),119,67,147,6.080302384004045,2.432551525996886,20
Maize (corn),107,68,170,6.482840990705248,1.5992738999731149,22
Maize (corn),104,51,177,6.526362838061269,1.5702418825333821,18
Maize (corn),128,73,161,5.617587234488084,2.3221416824514765,23
Maize (corn),137,74,137,5.695530198019116,1.5440933113562596,29
Maize (corn),135,68,149,6.746723586684106,1.963679172191919,20
Maize (corn),110,71,179,5.656771600538663,2.228812565031114,29
Maize (corn),105,58,137,6.356075261808317,1.5952554144628595,28
Maize (corn),136,54,161,6.270387872521479,1.9211273566609588,20
Maize (corn),121,60,155,6.041480658173732,2.3863922360792835,29
Maize (corn),117,70,168,6.901745349113864,1.6415524537418693,25
Maize (corn),129,75,170,6.889276238028005,1.582530270281893,27
Maize (corn),100,65,160,6.6550290168967905,2.111084631016308,25
Maize (corn),149,64,174,6.691043321449099,2.255479753168056,29
Maize (corn),132,70,146,5.642682283502895,2.3972584986695535,29
Maize (corn),102,70,164,5.603380382164157,1.8690161596077584,29
Maize (corn),139,73,152,6.71663394511155,2.4465480623551237,18
Maize (corn),105,67,141,5.931503442632721,2.1941111177857584,21
Maize (corn),137,67,133,6.0666395846790095,2.1174783973881954,19
Maize (corn),111,60,120,5.921339621765337,2.0197446121088656,23
Maize (corn),100,75,152,5.658921066864517,2.0296726849143214,30
Maize (corn),113,53,140,6.507940809437926,1.9545448107642898,20
Maize (corn),147,72,161,6.395711571935263,1.7267811625111884,29
Maize (corn),122,64,180,6.588085191827492,2.3927261850053174,22
Maize (corn),105,62,156,6.104551446812427,2.0133838990130357,18
Maize (corn),112,79,127,5.966800356333015,1.7651458525268722,21
Maize (corn),106,79,139,6.354299305439291,2.010833666353742,27
Maize (corn),149,72,149,6.290642858787948,2.047853986151715,24
Maize (corn),106,65,133,6.121799414329167,1.5939400868979627,29
Maize (corn),126,55,169,6.937699825372164,2.397644666176803,25
Maize (corn),118,67,167,6.920239075519119,1.5864718172350982,19
Maize (corn),146,54,141,6.1178985364722225,1.985886556671435,19
Maize (corn),110,70,177,6.315742618033296,2.1376671226744293,18
Maize (corn),122,66,165,6.389551555457316,2.2172351588930845,30
Maize (corn),147,54,146,5.661301517348453,2.3611127371294782,26
Maize (corn),140,70,156,6.848043409747022,1.5732561791637973,20
Maize (corn),115,66,131,6.77144393602913,2.187963930655722,29
Maize (corn),115,64,159,6.935524473935461,1.53801786498639,23
Maize (corn),149,51,165,5.578075157424646,2.0099957190048876,19
Maize (corn),104,52,158,5.655469074374625,1.6211889782035205,22
Maize (corn),112,62,138,6.783762902407718,1.70864531648623,27
Maize (corn),104,57,174,6.2189687403955425,1.5374800239224171,20
Maize (corn),115,77,135,6.2162175175341,1.8667356888829147,25
Maize (corn),116,78,173,5.500687540736009,2.2573106364774933,25
Maize (corn),145,52,176,6.015403204134185,2.4729073896270535,22
Maize (corn),149,53,123,5.971033631939279,1.7519588961346808,20
Maize (corn),133,63,159,5.767309157375677,2.0817637997067235,25
Maize (corn),110,54,179,5.895561844729663,2.4741568073074713,29
Maize (corn),109,60,138,6.414424953523062,1.664050854571196,19
Maize (corn),110,72,162,5.727639332343257,1.628212767487495,22
Maize (corn),143,80,140,6.5081012395781,1.9505765546123863,26
Beans,142,59,109,7.489313729626246,1.2277641532483672,54
Beans,137,41,107,7.304556625512307,1.048855129337118,53
Beans,142,56,127,7.17635456473916,1.0208385892594096,52
Beans,154,59,112,6.862863052844189,1.3370368748765298,59
Beans,172,54,145,7.097472425591781,1.4515703934528907,55
Beans,177,52,147,6.39243652906212,1.3017939330576542,50
Beans,148,48,141,7.359838283888033,1.2983301978240738,52
Beans,150,42,109,6.354451108716442,1.2826076000692543,51
Beans,125,41,113,6.436406134160914,1.3257806782625727,52
Beans,177,50,112,7.324439451588146,1.0659518867018964,55
Beans,138,53,102,6.978264191635735,1.0036972053849622,57
Beans,177,43,101,6.382660029120435,1.0225739085159562,60
Beans,180,56,122,7.377506658873104,1.2906916534650927,54
Beans,156,43,134,6.627221408450533,1.4549324252321851,60
Beans,175,45,132,7.08049456374585,1.491820081160287,51
Beans,124,55,132,7.107443885204806,1.0147808393627058,60
Beans,123,48,149,6.161275012424468,1.0658042287869611,52
Beans,128,51,132,6.69441095554004,1.226710061453859,58
Beans,150,46,110,7.00286282171972,1.4815769627913555,50
Beans,129,54,106,6.038485571761171,1.061809452486834,55
Beans,135,43,136,6.220475970933186,1.2264006841925756,57
Beans,129,41,128,6.992320820214761,1.4823434932162587,51
Beans,170,43,102,7.093687049711533,1.371518878760138,51
Beans,136,47,115,6.560602789327869,1.3809410374859459,53
Beans,171,41,102,6.6083029632475805,1.2220504653312012,54
Beans,134,56,106,6.636031665346151,1.0180418602656933,60
Beans,163,60,129,7.174719122437502,1.1512826240022749,55
Beans,177,40,139,6.728343820019803,1.1175503724046916,51
Beans,124,49,111,6.018300178155869,1.2447708204634989,59
Beans,167,45,128,7.05895419817397,1.008509836212922,58
Beans,133,51,134,6.095134116691626,1.3962880635780477,53
Beans,137,51,135,7.035217045486529,1.45764941991273,50
Beans,162,45,123,6.97437379270825,1.469905695218328,54
Beans,132,51,108,7.252102705802303,1.498515152804716,59
Beans,176,47,126,6.74602470821244,1.315319258944167,51
Beans,147,60,111,6.172327450193754,1.2436387189648002,50
Beans,156,53,106,6.5207650883406005,1.4185307394324171,52
Beans,126,53,113,6.6408915755493085,1.3372821704058895,57
Beans,167,51,100,6.920990633779988,1.4194075220121172,60
Beans,158,50,109,6.757984832103714,1.2919538067966716,54
Beans,123,42,115,7.455274845208011,1.1724377010907205,58
Beans,149,49,115,6.569063779503092,1.1939221451719315,59
Beans,136,57,132,6.790476419602867,1.14784941498388,50
Beans,170,59,122,6.0033770922789,1.2054122352467043,57
Beans,150,55,112,6.0818871213358054,1.2631562233475315,55
Beans,145,42,129,6.405720523454518,1.4693340485255992,54
Beans,166,57,103,7.004438306437055,1.4527823661595733,59
Beans,138,44,113,7.497173494590495,1.2718184136234285,51
Beans,123,44,143,6.726285116596804,1.4095221612054787,56
Beans,140,52,129,6.619226349901004,1.3480465050330084,59
Beans,137,57,128,7.0510629995208,1.331254470257968,59
Beans,179,48,136,7.323301011166824,1.0412999741867799,51
Beans,158,47,108,7.254094331235638,1.0977752434802681,59
Beans,137,43,124,6.813676385202946,1.4824093127589124,52
Beans,151,48,130,6.320476110302755,1.2539492017347624,54
Beans,136,51,128,7.008125403550584,1.3661266087269233,52
Beans,124,44,109,7.466198712542923,1.4868507257646577,60
Beans,124,59,126,6.333686549081586,1.1202249944193468,57
Beans,152,45,145,6.985523082437721,1.030245698223773,53
Beans,155,58,108,6.068136461212318,1.0764122906534865,58
Beans,167,56,137,6.304045089627315,1.2131542258517864,57
Beans,131,43,119,7.267648404108481,1.3875471240396262,52
Beans,147,50,135,7.158998852109977,1.2459284517297302,59
Beans,165,59,145,6.421221966212557,1.3272975761523382,58
Beans,137,41,136,7.3360887654957025,1.3528069000431244,56
Beans,138,43,132,7.181111820118264,1.1148347361412667,51
Beans,142,41,150,6.550611708492001,1.2806751686470068,52
Beans,123,45,129,6.53717131061207,1.435945110011102,51
Beans,130,55,104,6.20204809988089,1.4358610099584264,55
Beans,154,45,139,6.105594229076079,1.225264660860788,60
Beans,149,58,122,6.4395439025961085,1.1861246981828861,53
Beans,163,44,129,6.985767472002221,1.224847275228227,50
Beans,140,59,144,6.147360482178926,1.2550880485843912,54
Beans,125,57,124,7.2581539338380185,1.44076529564062,54
Beans,143,58,115,6.337784261985879,1.2853475371793746,52
Beans,129,42,119,6.8939090628409145,1.2440350245036504,56
Beans,163,41,131,6.703663929348881,1.2988229243154896,53
Beans,134,58,115,6.311597914200534,1.1010130251936374,60
Beans,157,45,130,6.556648432361579,1.0820647045614342,57
Beans,130,45,150,7.023029652334106,1.39280042935586,57
Beans,148,55,118,6.210295731434299,1.343503238850122,52
Beans,164,41,136,7.451309996576623,1.4705403135597477,56
Beans,140,56,108,6.430069868742275,1.2004005739849206,54
Beans,177,54,136,6.839047019264881,1.2641355023918681,54
Beans,144,51,108,6.016489270089802,1.148744317948137,55
Beans,151,45,141,6.891797180354883,1.458969839796704,50
Beans,163,48,128,6.218270397561222,1.0415102831784309,57
Beans,180,48,131,6.004963174288095,1.170828681617567,51
Beans,120,40,122,6.082895663425087,1.399839866123957,55
Beans,164,50,146,6.508221244551868,1.271455809556476,59
Beans,132,53,110,6.695933521738398,1.093478332577276,58
Beans,133,45,113,6.541058969046266,1.0278474055366513,56
Beans,152,55,106,6.378235569573503,1.1238590142788092,52
Beans,123,55,125,6.743149051497706,1.3153841233562167,59
Beans,126,46,126,7.3182682766127805,1.3961529448446495,60
Beans,134,55,139,6.26492724575636,1.4306299303849062,58
Beans,180,44,106,6.367875107345169,1.1780490136610102,54
Beans,139,59,145,6.630935742044341,1.1994287350382742,60
Beans,177,60,150,6.726826857047256,1.3929018249447367,51
Beans,169,60,116,6.281974266621588,1.0841519604375236,53
Irish Potato,184,72,134,4.914770919255487,1.4255422742949293,76
Irish Potato,199,79,168,4.803534194776627,1.3309203622155616,70
Irish Potato,158,74,154,5.464952106460318,1.296100655117246,70
Irish Potato,193,95,168,5.0380849563669345,1.0293600797149778,78
Irish Potato,197,69,180,5.354078340257795,1.3299037026411094,74
Irish Potato,177,93,148,5.201265379497699,1.4615011346302542,72
Irish Potato,188,68,168,5.136044747381558,1.4314734371150672,80
Irish Potato,172,64,127,4.836971436145184,1.490446274367742,79
Irish Potato,160,73,158,5.4109300948484895,1.0056457436423307,75
Irish Potato,181,54,158,5.432355837920264,1.1859158944938455,80
Irish Potato,161,70,159,4.816445713557397,1.0675778672071012,78
Irish Potato,181,75,177,4.972482026182607,1.2645966337421346,78
Irish Potato,191,88,120,5.162409548163183,1.0810933468432034,78
Irish Potato,168,79,168,5.356541133336894,1.3694919036083717,77
Irish Potato,189,95,122,4.965654446425463,1.1924670913152955,71
Irish Potato,156,66,134,4.958975132137133,1.1132833249369622,78
Irish Potato,182,66,139,4.960392054090363,1.110716537701368,80
Irish Potato,187,56,125,4.900448837286279,1.158758960783552,77
Irish Potato,157,57,133,4.949698298921735,1.2846852832887135,73
Irish Potato,181,52,163,4.8363416838668085,1.4324062978243595,76
Irish Potato,170,95,130,5.266437354384276,1.1477954498599687,73
Irish Potato,165,97,153,5.477076744123136,1.2582787519245593,79
Irish Potato,156,95,171,4.869264221536742,1.2760399788794432,77
Irish Potato,181,92,172,5.071555481021854,1.2629738464717803,70
Irish Potato,172,92,137,4.920100481461527,1.2295841035352482,75
Irish Potato,196,88,148,5.448774812744611,1.1967588020570648,75
Irish Potato,198,70,169,5.3318893311193065,1.188359245999564,75
Irish Potato,185,91,158,5.267074926462613,1.217211462943192,78
Irish Potato,189,71,177,4.944181378988217,1.2439385886569876,78
Irish Potato,197,76,167,4.9839065055657095,1.056086259827897,78
Irish Potato,191,99,133,5.427844833141025,1.309014789874331,80
Irish Potato,170,63,153,5.244286521210417,1.332963414521303,75
Irish Potato,167,59,166,5.138271573718106,1.319082439439994,76
Irish Potato,196,78,141,5.485833183999184,1.006058287331718,73
Irish Potato,158,82,146,5.002847729258164,1.2858026682466344,75
Irish Potato,175,53,134,4.871185157767089,1.4046937555001344,78
Irish Potato,191,79,136,5.0958955025151145,1.391903581624287,80
Irish Potato,169,75,157,5.072981464241059,1.4832656367677803,75
Irish Potato,175,76,136,5.407637164302662,1.4292556760220654,73
Irish Potato,172,68,127,5.179729385711401,1.3586329399424244,72
Irish Potato,187,51,176,5.111584189641389,1.482717186544407,71
Irish Potato,165,51,140,5.015035365406957,1.3708681241002303,79
Irish Potato,181,88,174,4.98314725859746,1.3308537107995124,80
Irish Potato,155,57,151,4.879680851157724,1.1844282466222857,79
Irish Potato,166,82,136,5.419630705446356,1.0131396845738716,71
Irish Potato,155,68,143,5.391566814066015,1.2562855690859727,70
Irish Potato,170,80,155,5.457395497661717,1.407506025247211,71
Irish Potato,190,78,134,4.975968223216355,1.3918098675553634,79
Irish Potato,195,74,130,5.301532367000517,1.2199560299257046,79
Irish Potato,187,76,160,5.104324863844014,1.0870130835304421,78
Irish Potato,190,100,138,4.857350503579029,1.302987895257524,77
Irish Potato,165,52,137,5.03923798981561,1.357016727936756,75
Irish Potato,177,55,179,4.850994977885906,1.234264116582911,72
Irish Potato,159,93,169,4.9041397416769295,1.396255982169341,74
Irish Potato,200,71,128,4.865443452153856,1.0835939809320463,76
Irish Potato,163,95,153,4.992668533784005,1.3422152166751464,79
Irish Potato,170,93,168,5.433873148973539,1.3788531897690302,76
Irish Potato,195,93,179,5.334285686237979,1.2319657013668164,79
Irish Potato,163,59,155,4.832037368661464,1.475281198070316,77
Irish Potato,154,58,170,5.334878154772575,1.1398095296136437,73
Irish Potato,165,92,180,4.908753193460303,1.0329231597510646,79
Irish Potato,164,55,150,4.809068371477622,1.4935655358021238,77
Irish Potato,173,96,129,5.054618900098383,1.1604742249051962,73
Irish Potato,152,56,136,5.260303075884138,1.31455422229719,78
Irish Potato,194,50,127,5.389848869388346,1.1924874414424702,80
Irish Potato,177,80,159,5.020458549533325,1.2678397358438158,70
Irish Potato,162,79,160,5.106578671879779,1.1138927796829836,74
Irish Potato,169,54,130,4.8204467618607385,1.0646654428157365,70
Irish Potato,176,93,156,5.213981631922008,1.2948187736307897,70
Irish Potato,154,82,133,4.932882581071512,1.3953006526402514,79
Irish Potato,182,55,122,5.276992204929717,1.1713643956236894,77
Irish Potato,189,75,164,5.069824097334006,1.3029911608489912,80
Irish Potato,199,94,120,5.366457498690842,1.2752541598615328,77
Irish Potato,177,71,158,5.259079867265714,1.2681418381317926,78
Irish Potato,184,91,153,5.461032402707138,1.1116425365623068,80
Irish Potato,190,71,120,5.19293803712414,1.3944319022232992,73
Irish Potato,180,88,142,5.169826992244355,1.0949783459395217,80
Irish Potato,156,52,136,4.820309788456021,1.4636434957665159,77
Irish Potato,181,58,149,4.891624143190424,1.305601488393893,74
Irish Potato,185,67,147,5.455989087321665,1.4137546869468551,79
Irish Potato,180,80,126,5.143643231645577,1.140397262418395,72
Irish Potato,178,52,165,5.4525170987887,1.1275468854008093,75
Irish Potato,162,99,149,4.946516263819071,1.0466109033846727,70
Irish Potato,185,53,127,5.462988188916973,1.0221498070182926,71
Irish Potato,152,78,151,5.185865825768046,1.0578520861817873,70
Irish Potato,177,55,164,5.075693200363628,1.0578779612542513,77
Irish Potato,161,63,124,5.254375842350063,1.1548998592074367,74
Irish Potato,154,97,153,5.165179378935717,1.071365870321463,78
Irish Potato,189,81,149,5.321687464940165,1.0269497784381494,75
Irish Potato,187,50,175,5.096087811023363,1.2031047047983858,75
Irish Potato,150,63,161,5.235311856444343,1.0864552997202042,71
Irish Potato,172,82,139,5.499998295617809,1.323529465711481,78
Irish Potato,179,61,168,5.0352392584929015,1.1808922975864733,80
Irish Potato,154,70,168,5.324966120744526,1.2038241868077306,70
Irish Potato,193,72,124,5.3367946305503855,1.4108917903580342,79
Irish Potato,200,81,136,4.811914884381759,1.3918906967784777,78
Irish Potato,172,85,161,5.491734153346852,1.2878291656384184,77
Irish Potato,194,60,146,5.025862760284811,1.000729361092936,73
Irish Potato,177,57,152,5.436664880748697,1.4489915161535107,78
Irish Potato,178,72,143,4.936771145699579,1.282264277816328,74
Matooke,162,44,141,5.883812129744538,2.0036496333224454,88
Matooke,148,53,145,5.710152797358978,1.5070554687567648,84
Matooke,121,56,128,5.604476205999399,2.0689324025185445,88
Matooke,179,59,140,5.7355812955145655,2.3806054478444794,89
Matooke,177,44,121,5.887424256989866,1.959064462004731,84
Matooke,138,42,138,5.88873283471499,1.57161202633217,75
Matooke,126,50,124,5.8912430544870675,1.9272054895675255,88
Matooke,160,51,135,5.92666846468981,2.1975636969979675,70
Matooke,146,49,143,6.156815647089612,2.4279185010205713,87
Matooke,143,52,143,6.308415740447039,2.309859033083173,71
Matooke,158,43,138,5.630711188282756,1.6240576731498637,87
Matooke,137,58,135,5.671460404600809,2.3699863081277885,70
Matooke,149,60,132,5.731703219070181,2.4021971637178687,81
Matooke,142,58,141,6.415578850555954,2.1982497670256054,76
Matooke,123,60,109,5.790012830892016,1.7108540397222827,85
Matooke,129,51,136,5.743333332201339,1.8635200001007954,87
Matooke,173,53,133,6.313371127691926,1.8593108822175217,90
Matooke,173,58,117,6.178212911543691,2.1924958245473585,77
Matooke,131,58,130,5.795986790689322,1.6282779668376328,71
Matooke,148,50,129,6.052157677428918,1.9567168353685647,72
Matooke,180,44,131,5.680391405327412,2.1769709223545566,81
Matooke,174,57,117,6.373249061645254,2.2621025794705174,89
Matooke,127,50,105,6.251875547913307,1.5258877592951658,74
Matooke,160,55,134,6.019577166958013,1.7810959605085805,88
Matooke,143,47,105,6.085480945666912,1.6762718681493338,88
Matooke,146,44,149,5.536110419000705,1.9560837026180016,85
Matooke,136,41,138,5.658037271671423,1.907764894587597,86
Matooke,174,45,122,6.1681114080100965,2.400403194482608,83
Matooke,163,59,145,6.240941111143091,2.072998970527345,87
Matooke,163,42,133,5.506356766404476,2.0750575490632137,81
Matooke,163,45,143,5.5309310070974576,1.5002797826755403,71
Matooke,155,43,109,5.750634317814027,1.9369482280257064,74
Matooke,125,52,121,5.631167962954199,1.7336767300521598,71
Matooke,168,53,107,6.414340233772281,1.5733797919415742,82
Matooke,123,47,125,6.090915406724989,2.310026457088833,85
Matooke,123,54,133,5.525456862068585,2.2974033658357147,79
Matooke,150,47,100,5.956986291411825,1.9566334757749655,86
Matooke,144,51,142,6.386164316347867,2.194756965988645,89
Matooke,173,55,100,5.739707394517487,2.4734737039859853,90
Matooke,141,60,142,5.570108030499911,2.301469254275055,70
Matooke,134,58,117,5.9622743857753076,2.382108406683761,75
Matooke,126,53,126,5.542547679834367,2.0799842005368845,74
Matooke,159,53,145,6.163408065653297,1.9690368936736737,88
Matooke,180,57,105,6.496942153705053,2.163295939805496,77
Matooke,163,43,110,6.432225863671498,1.9429374804996162,79
Matooke,162,50,150,6.452606343001442,2.062636005888176,81
Matooke,148,49,116,6.2565731336298125,2.2311754195517937,70
Matooke,169,55,144,5.93562483239835,2.3511769885796396,82
Matooke,144,48,146,6.341464001877003,2.2556711795987647,90
Matooke,177,52,104,5.912771907510158,1.8988608793562687,77
Matooke,158,54,129,6.172895328298769,2.05718798125231,72
Matooke,133,53,117,6.46557453346114,1.802175525498595,76
Matooke,137,43,143,5.81244966280689,1.5261061114835592,82
Matooke,124,57,130,5.848151502263119,1.7122562872768587,90
Matooke,121,43,118,5.990213446358112,1.5645759417207512,81
Matooke,124,40,127,6.395885997484053,2.1080716408722826,76
Matooke,149,45,113,5.705964533052066,1.5857234544431933,84
Matooke,165,47,133,6.032875711799417,2.417449974130129,75
Matooke,124,41,114,6.343596767702903,2.279822930595459,79
Matooke,149,54,142,6.339253743690353,1.6120684720236071,89
Matooke,166,46,124,5.717999428606054,1.8955877111829404,75
Matooke,128,45,128,5.864445774155472,2.4577388994585982,78
Matooke,126,48,113,5.738464505718066,1.6830364123037742,72
Matooke,156,56,120,5.636861090476226,2.222093235542005,71
Matooke,166,41,103,6.187740015368467,2.018765268193166,88
Matooke,151,59,128,5.5315819666397985,1.9975079831095035,79
Matooke,151,57,140,6.45451811564857,2.2259948555426377,88
Matooke,170,57,132,6.470808688703429,2.0215664673025837,72
Matooke,146,58,118,6.194439509404479,1.795105231313174,87
Matooke,129,55,129,6.202839294397362,1.673596508579526,72
Matooke,140,42,142,5.820954041991218,1.7401825968404538,76
Matooke,145,44,145,6.004623654422092,2.217681200029284,78
Matooke,169,55,107,5.693400195424822,2.230465692500084,86
Matooke,138,49,113,6.4487265501274305,1.9386060930443003,84
Matooke,148,56,129,5.729044992054744,2.301575700718689,80
Matooke,148,43,125,5.896405288307826,1.886201499621741,74
Matooke,139,50,140,5.855165038924848,1.590312014175292,71
Matooke,143,47,113,5.992886408418489,1.8055397337870245,70
Matooke,160,40,140,6.305035613156361,1.9695874519272427,76
Matooke,145,48,148,6.431293804420362,2.4329085312205962,86
Matooke,174,47,132,5.841718743629118,1.5517173159330782,77
Matooke,136,52,109,6.201818086572681,1.527657018893406,86
Matooke,123,40,108,6.408083976364122,2.0567576521587956,82
Matooke,160,51,118,5.6667635421732285,2.373009545489246,74
Matooke,155,58,120,6.497425341676048,2.304250794684795,86
Matooke,140,59,108,6.06629086517762,1.6201513702137689,85
Matooke,121,46,116,6.427384277037735,2.204511680210432,88
Matooke,148,57,143,5.512900350078622,1.8339275392986651,81
Matooke,177,50,110,5.988910940244825,1.6848748921450694,84
Matooke,176,45,126,5.856631932619616,1.5611122026645985,85
Matooke,148,41,141,6.167451334061232,2.1901731665459927,86
Matooke,171,54,116,6.370604985540499,1.780591059408164,79
Matooke,161,43,114,5.8549676228693395,2.2371144305874173,82
Matooke,166,60,104,6.071662741608405,1.8393933652234702,76
Matooke,160,58,104,5.690620862536134,1.845539757741887,76
Matooke,142,57,117,6.00108344665226,1.9483554334794502,76
Matooke,150,54,146,5.879332387775144,2.0435168554660548,70
Matooke,147,54,121,5.987180868790962,2.265763027858679,86
Matooke,156,52,149,6.066974470396765,1.8625576016651264,80
Matooke,149,53,146,5.768519124038256,1.613451264504975,73
Sweet Banana,180,43,120,5.7362598297746645,1.7169148168838506,80
Sweet Banana,128,41,110,6.0834224913880375,1.6005883949063544,88
Sweet Banana,131,46,129,5.804905480742031,2.2134482044679173,73
Sweet Banana,124,58,138,6.48279090221885,2.495014752705332,86
Sweet Banana,147,60,144,6.199662432529478,1.563572470613586,90
Sweet Banana,173,49,146,6.119423667292335,2.1412387361258016,81
Sweet Banana,173,50,127,5.892136285532234,1.8694570740366214,71
Sweet Banana,150,52,105,5.899670962948567,1.9102572674038434,82
Sweet Banana,157,44,122,6.08225248291002,1.7650252674735194,86
Sweet Banana,172,54,149,5.812401664555619,2.3374628026945237,82
Sweet Banana,140,40,138,5.940185404348983,1.666563212261007,89
Sweet Banana,134,51,147,6.483225179383394,2.37168844751914,84
Sweet Banana,162,50,135,6.053725431526753,1.8157302647914766,88
Sweet Banana,121,53,131,6.077471979289111,2.4955407584672424,79
Sweet Banana,166,52,101,5.765752669876447,1.7960374625996527,84
Sweet Banana,157,55,131,6.369135162911618,1.8813146102371396,71
Sweet Banana,168,59,121,5.513441303498847,1.8319259807279344,76
Sweet Banana,170,56,112,6.089079527946247,1.6680466472806466,87
Sweet Banana,136,50,110,6.4699642499215155,1.656521065578624,72
Sweet Banana,171,60,140,6.435963417694554,1.946656301064948,81
Sweet Banana,171,40,141,5.65343291035028,1.512548401086113,83
Sweet Banana,177,44,128,6.220084174622714,1.857936582133347,74
Sweet Banana,123,48,132,5.647134960621653,2.0798312753277557,79
Sweet Banana,126,60,117,6.014213620107737,2.2472977237664384,74
Sweet Banana,154,45,102,6.151872771593121,1.9515177951027973,78
Sweet Banana,133,41,145,6.337211096359448,2.0359899671424344,88
Sweet Banana,154,57,122,6.1509638280762235,1.8318572612664084,79
Sweet Banana,169,49,120,6.480516120539092,1.7102818737867052,73
Sweet Banana,164,59,149,5.766229797584269,2.171906702829025,87
Sweet Banana,144,40,130,6.093047461302304,1.6328597061847727,90
Sweet Banana,158,60,129,5.592518963366161,1.9833389290653418,75
Sweet Banana,145,44,123,6.364045494940523,1.7711825391507392,89
Sweet Banana,141,53,143,5.732504688438287,1.7865446062214727,90
Sweet Banana,125,41,134,5.860391208000859,2.230561088097392,85
Sweet Banana,180,58,100,5.952605380565663,2.2716486484027936,85
Sweet Banana,141,54,119,5.504632034405787,1.9261075659159048,75
Sweet Banana,162,44,146,5.634620889331274,1.925328672464167,78
Sweet Banana,147,49,123,5.74617283404963,1.9329953037803107,76
Sweet Banana,151,47,113,6.238701226693426,2.0557749757084176,73
Sweet Banana,146,51,145,6.044140420375953,2.4740998434078825,73
Sweet Banana,126,41,110,5.905115828598168,2.4854098973144074,86
Sweet Banana,137,59,105,6.060509207041496,1.557376895044049,83
Sweet Banana,140,58,105,5.532723583509456,1.9954717252041179,80
Sweet Banana,172,49,121,5.576713075448021,1.9607626252014425,81
Sweet Banana,158,52,105,5.88384980329662,1.539287540903103,85
Sweet Banana,150,40,144,6.284243249826119,1.5535822462724518,88
Sweet Banana,170,42,117,5.730822072190202,2.3538213264663295,77
Sweet Banana,164,59,116,6.149690484290494,2.435075818144421,90
Sweet Banana,148,55,127,5.781554023569013,2.4316657005619233,74
Sweet Banana,120,50,144,5.502509162900548,1.8736241851192765,87
Sweet Banana,147,56,101,5.930706525220298,1.8511223637119452,84
Sweet Banana,121,40,100,5.641483214241136,2.1906131676932237,87
Sweet Banana,157,45,141,5.5058326960520505,1.9437306212263157,77
Sweet Banana,149,50,137,6.456208860734223,1.5365556131072045,75
Sweet Banana,171,44,128,5.5882022845471955,2.1202738371866383,88
Sweet Banana,145,60,127,5.732992055263282,2.2186236312204213,74
Sweet Banana,136,57,133,5.658150311593462,1.597025377516391,72
Sweet Banana,131,60,138,5.805999409248985,1.9404783807788308,73
Sweet Banana,147,48,114,5.584252337578067,2.1423751097990653,86
Sweet Banana,155,53,135,6.211280165373941,2.0708900257141902,81
Sweet Banana,171,50,115,5.795862171158303,2.137659560953653,71
Sweet Banana,165,50,119,6.271631319027215,2.236213459442002,70
Sweet Banana,161,52,107,5.833623715045331,2.3538636655135554,80
Sweet Banana,156,50,115,6.271505619947801,1.7759268390315943,90
Sweet Banana,167,55,150,6.230536760990762,2.1358080311766585,75
Sweet Banana,147,44,101,6.378587626182757,1.9446841448356884,71
Sweet Banana,130,49,138,5.6209203234299325,2.036295692834006,73
Sweet Banana,174,52,141,5.703457601243764,2.3364049186955005,78
Sweet Banana,160,47,114,6.150044047060096,2.260314526434012,70
Sweet Banana,166,41,109,5.792238481292132,1.8265070810625494,86
Sweet Banana,132,47,144,6.343356797568511,1.7897370890233408,89
Sweet Banana,128,60,112,5.569425365160504,1.554219346032828,87
Sweet Banana,133,42,129,6.164403068457222,1.504159212911957,73
Sweet Banana,167,60,130,5.991728808294705,1.739372419434832,81
Sweet Banana,153,43,129,5.922407301358274,1.5674416218079585,71
Sweet Banana,140,45,149,5.903146974222588,1.7885906355843026,74
Sweet Banana,137,59,133,5.7394940563426395,2.436059168611713,80
Sweet Banana,180,57,115,6.4924895962383875,1.905642923533883,79
Sweet Banana,144,40,109,6.243924351784684,1.6047040745859875,84
Sweet Banana,155,51,106,5.803306388588175,2.118660308654783,87
Sweet Banana,161,46,116,6.379898657301818,1.8883713790093628,90
Sweet Banana,180,54,106,6.098550851564837,1.7887899020885059,82
Sweet Banana,160,55,138,6.262191853305393,2.3060485549072767,80
Sweet Banana,138,57,100,6.317586901470508,2.06582529144465,72
Sweet Banana,156,58,142,6.32325153376509,2.138227415303534,71
Sweet Banana,128,56,124,6.393931517140412,1.6885067846146555,70
Sweet Banana,164,51,123,5.951868035558193,1.7278410858434494,72
Sweet Banana,173,56,114,6.094225830556811,2.348882391207532,72
Sweet Banana,120,44,116,6.239145708418735,1.6980395958544645,85
Sweet Banana,178,55,132,6.0704945404240105,1.706203333363664,84
Sweet Banana,142,47,147,6.484974792626109,2.2460160452350464,89
Sweet Banana,126,48,135,5.669343254870382,2.3820593539926254,70
Sweet Banana,149,58,132,6.247714991433957,1.9537516073323573,84
Sweet Banana,135,44,123,6.236502764943628,2.2725812554046736,88
Sweet Banana,171,58,101,6.482999762904254,2.047804394303495,72
Sweet Banana,156,50,102,6.255128582896829,2.1405090046573183,77
Sweet Banana,159,54,116,5.912147443375444,1.7125752634219598,88
Sweet Banana,141,46,148,6.438140524473021,2.0800301108707995,84
Sweet Banana,173,46,148,5.639585579299328,1.829467175144623,73
Sweet Banana,157,40,135,5.5296427490792555,1.538897316673692,70
Sugarcane,192,79,157,5.888505772314715,1.593822130249572,70
Sugarcane,153,64,141,6.089931307460679,1.863008387200296,77
Sugarcane,158,72,140,5.750197837823475,1.7828917475852144,73
Sugarcane,175,63,135,5.607422677293786,2.391763467793808,75
Sugarcane,172,74,165,6.073154693489084,2.45353385514347,72
Sugarcane,174,64,166,5.587692992338837,2.4865298055040292,76
Sugarcane,190,76,127,6.497336657687784,1.6446091681344528,71
Sugarcane,195,62,130,5.619405041399435,1.637554671527922,74
Sugarcane,178,76,136,6.04341626612949,2.38530595643741,74
Sugarcane,161,53,130,5.522918199033659,1.5330375084798926,74
Sugarcane,199,56,133,5.967553634492127,1.5617364224839276,80
Sugarcane,181,58,163,5.96293796870428,2.228237903871804,70
Sugarcane,169,79,128,5.878145827451389,2.2072028251120224,78
Sugarcane,178,55,169,5.825841443657636,2.3863847678704024,77
Sugarcane,163,78,121,6.039931265720303,2.231874704804918,73
Sugarcane,188,57,141,5.973635104317488,1.7191235000337368,75
Sugarcane,194,51,174,6.337450022771231,1.7709503119653427,74
Sugarcane,192,70,160,5.637217781281938,2.2684952103384823,73
Sugarcane,179,50,120,6.003521145865952,2.0733472117540757,77
Sugarcane,169,72,156,6.2196573511952575,2.1653360636137933,75
Sugarcane,152,76,131,5.994178340454401,1.661042895198975,70
Sugarcane,153,73,146,5.976885394476878,2.373942133253826,72
Sugarcane,188,80,173,6.382661746488735,2.408978319952419,78
Sugarcane,187,72,171,6.055144233979449,2.256943896288336,71
Sugarcane,159,56,127,6.493273597111219,1.56746602508991,76
Sugarcane,187,77,168,5.951777854855065,1.7095657726721687,77
Sugarcane,190,74,153,5.52988670132348,1.8473812387916906,73
Sugarcane,163,55,177,5.5348430585634505,1.7902948576471962,77
Sugarcane,154,56,153,5.902544959684086,1.7117511502852003,77
Sugarcane,195,67,125,6.362079549894378,2.0389863725160753,70
Sugarcane,170,63,145,5.771729362154789,2.1182604781324263,78
Sugarcane,165,56,121,6.128569229340087,2.226714749971862,79
Sugarcane,196,77,170,6.0533461588105935,1.825885103956195,71
Sugarcane,198,78,123,6.333686745466169,1.97357132001226,75
Sugarcane,151,71,132,6.026816937522131,2.05525942992974,75
Sugarcane,159,75,172,5.717634667293497,2.3786457707030677,75
Sugarcane,175,63,156,6.198558759681812,1.7683827839999346,70
Sugarcane,184,72,147,5.886837312288208,1.5119529318556164,76
Sugarcane,170,75,149,6.11703304095078,1.5286439443371242,71
Sugarcane,166,56,162,6.302197621797264,2.0796812698753984,74
Sugarcane,174,80,137,6.381826019637897,1.896069724576423,75
Sugarcane,178,79,154,5.575192098495599,2.2180423529408277,78
Sugarcane,195,50,128,6.069082327788026,2.447848511414662,70
Sugarcane,184,68,175,5.8627881770980155,1.5390266430979325,79
Sugarcane,197,65,126,6.083884296056265,2.481774125627658,77
Sugarcane,183,54,131,6.209129772634244,2.0438247155635194,71
Sugarcane,174,70,127,6.497996747040066,2.067419069769866,79
Sugarcane,186,56,140,5.590201666512371,1.5373574067851032,80
Sugarcane,151,78,124,5.866004866969136,2.219648312036368,76
Sugarcane,155,78,163,6.12208996744124,2.414652621289487,76
Sugarcane,183,77,129,5.694261090605462,1.7640431657500826,80
Sugarcane,176,80,157,5.573649366200562,2.2102863892275213,75
Sugarcane,178,56,176,6.148966546739118,2.1610277461206446,78
Sugarcane,200,52,161,6.417206782524792,1.9082407167971436,78
Sugarcane,155,60,145,5.84831478694011,2.190520454129723,80
Sugarcane,192,59,151,5.792787620349826,1.8061156752677061,77
Sugarcane,192,50,167,5.622544801878219,1.7552503269240054,79
Sugarcane,187,78,127,6.488772031071015,1.6648207026700255,72
Sugarcane,164,77,131,5.614005530890498,2.0894634851345684,72
Sugarcane,175,51,148,6.177726081563255,1.810024136743566,74
Sugarcane,155,76,165,6.314899845984823,2.2979434954951934,77
Sugarcane,188,50,144,6.072644707396484,2.386004168261056,79
Sugarcane,176,58,151,5.509777054349602,2.1685590542873934,79
Sugarcane,173,57,162,6.3258907924922285,1.919940052733828,77
Sugarcane,150,52,139,5.990370355102865,2.202430559620577,78
Sugarcane,173,56,157,5.637854095390132,2.361601265417129,73
Sugarcane,179,55,130,6.31962714841733,2.3856697236624886,70
Sugarcane,183,61,163,5.797967951373715,1.7673587702434181,76
Sugarcane,164,77,129,6.017566130278986,1.6810633472824912,74
Sugarcane,184,70,171,5.6400955354140665,2.355187889585804,80
Sugarcane,194,78,134,5.908232744971238,2.3727375388871317,70
Sugarcane,177,79,167,5.881988593028384,1.5890412674011252,74
Sugarcane,193,50,120,6.448808379373404,1.9131995690118715,75
Sugarcane,185,74,163,6.213388826222979,1.5963810975742667,79
Sugarcane,173,71,141,5.702936592255682,1.5217603012599923,71
Sugarcane,185,61,133,5.569160501840554,1.542187898040472,75
Sugarcane,156,57,128,5.918493840819764,1.9093432111586057,79
Sugarcane,192,66,139,6.120175522021687,1.5528238980599758,80
Sugarcane,181,56,135,5.748825151957865,2.380739513429007,72
Sugarcane,185,62,179,6.329656822609804,2.0823230900167635,76
Sugarcane,162,77,177,6.082798127500282,2.046647631156185,70
Sugarcane,169,53,141,5.800625274928858,2.222734746698667,80
Sugarcane,180,62,167,6.475260335203687,1.9790671688513095,80
Sugarcane,192,58,136,6.068166323529393,2.1081052273277208,77
Sugarcane,184,65,155,5.608426263166134,1.5989181332420341,77
Sugarcane,180,67,149,6.000951675979804,2.4432632045144596,78
Sugarcane,170,61,137,5.897649535177257,2.415271998269855,73
Sugarcane,180,60,175,5.950825827575484,1.541088616605356,75
Sugarcane,181,76,146,6.063753646357566,2.3107279157460496,76
Sugarcane,155,52,157,5.891551452592718,2.4295650559563104,80
Sugarcane,176,51,177,5.944771100950869,2.3509303700794124,71
Sugarcane,172,54,159,5.841627468124041,1.863356505261873,73
Sugarcane,155,58,176,6.154383616410276,1.7594248675009996,72
Sugarcane,179,79,165,5.9971329463503436,2.1834181365248675,72
Sugarcane,167,80,172,6.152052820584267,2.3002596279495378,73
Sugarcane,178,58,131,6.176575352665897,1.9068329593075048,77
Sugarcane,189,78,174,6.000915295588456,2.4064391678996477,80
Sugarcane,189,53,157,6.464947197828522,2.06771997770792,80
Sugarcane,186,76,131,6.138339724044322,1.8564334130068865,77
Sugarcane,199,55,165,5.9986206711219285,2.4239034508926434,80
